model,R2_train_mean,R2_train_std,Corr_R2_val_mean,Corr_R2_val_std,MAPE_val_mean,MAPE_val_std,SMAPE_val_mean,SMAPE_val_std,RMSE_val_mean,RMSE_val_std,cv_strategy,feature_selection,n_features,experiment,best_params,target_transform
RandomForest,0.9431469401738916,0.006326652366802718,0.6409295169193403,0.24567896840471729,82.71653497519922,33.74584769936043,52.689370828921916,9.990787185781878,83.56015767403292,14.524594215611769,5-Fold,L1_Lasso,20,CV_Strategy,,
HistGB_Poisson,0.97326586915522,0.0045805861081388765,0.6193939073369328,0.23483904216805102,55.516314195704396,11.810013641326899,47.80648604238603,9.137667051238008,85.09019334915692,16.694374264707196,5-Fold,L1_Lasso,20,CV_Strategy,,
RandomForest,0.9458247516196433,0.005770767509217289,0.7088385016880265,0.2521220677860452,86.55491191261169,43.90727717480341,52.674373684139525,13.392587071373388,78.87361330814134,33.68590349867786,10-Fold,L1_Lasso,20,CV_Strategy,,
HistGB_Poisson,0.9797478719206971,0.002965441294103005,0.6543715948877739,0.2581782954013998,60.14978220569433,17.68055492027277,50.01856966886232,10.010021244535968,81.60790783070861,32.891329079824295,10-Fold,L1_Lasso,20,CV_Strategy,,
RandomForest,0.9454337318895163,0.005169901625829828,0.672856635509714,0.23711625668474884,87.72294228586557,40.698037385587654,53.48323542462535,14.160247397643083,81.2704177171522,34.539085533017754,RepeatedKFold_5x10,L1_Lasso,20,CV_Strategy,,
HistGB_Poisson,0.9800538928440926,0.003041715602984143,0.6172490504096033,0.24689682003871544,64.27192896749285,25.629246191248942,52.657630739468324,14.380660138869713,85.46215978776874,37.267297491158274,RepeatedKFold_5x10,L1_Lasso,20,CV_Strategy,,
RandomForest,0.9454221562727896,0.0052206505952548735,0.6883712867401423,0.2318869599322536,89.28572582577841,44.505956992526755,53.29908935475947,14.004647118970937,79.3318748748721,35.73310996664537,RepeatedKFold_3x10,L1_Lasso,20,CV_Strategy,,
HistGB_Poisson,0.9800241939662798,0.0031910401529046638,0.6294540482612716,0.24133125654896148,63.32690617162622,21.87334205018602,52.144355107057066,14.715437549751096,83.10662968655723,36.60172605209391,RepeatedKFold_3x10,L1_Lasso,20,CV_Strategy,,
RandomForest,0.9292618348627301,0.010300458967939194,0.559962551560966,0.25396627281446627,109.55252966410217,54.173416122207776,60.81216592826731,8.674073232535612,91.47722160324835,17.50446521932805,5-Fold,Mutual_Information,20,CV_Strategy,,
HistGB_Poisson,0.9530719539207293,0.007881938469061765,0.5957509738814878,0.16094092853828562,93.50702985372374,29.8264478442203,62.67511635102996,7.5616136954427615,96.409775855534,10.73097540366207,5-Fold,Mutual_Information,20,CV_Strategy,,
RandomForest,0.933488771390661,0.006638811117858457,0.6344943640531481,0.23846981035678183,112.57266822021145,87.627065964204,59.057919534928985,14.557333176868076,87.46145749877056,35.22266608237731,10-Fold,Mutual_Information,20,CV_Strategy,,
HistGB_Poisson,0.966045424629289,0.004144906896843242,0.7308841749239717,0.22625773105523206,74.47214439012973,39.44245036159273,56.69768231294402,12.352434273263544,87.41770926890172,33.43723691642055,10-Fold,Mutual_Information,20,CV_Strategy,,
RandomForest,0.9328707661843961,0.00672666872319764,0.6371115295339514,0.252138296513664,109.24217624912491,63.97071727117926,58.48831540364488,15.482535794623924,84.15811357040393,39.19895118365232,RepeatedKFold_5x10,Mutual_Information,20,CV_Strategy,,
HistGB_Poisson,0.9661863180239864,0.004340439181648169,0.6637929942092164,0.2339406693922622,71.85805369417461,33.26408863352062,55.583413234984455,11.63581022124826,86.32692944312186,33.647279911980206,RepeatedKFold_5x10,Mutual_Information,20,CV_Strategy,,
RandomForest,0.9329163993655117,0.007104670396824393,0.6446438334527199,0.23112959824913054,112.48608582494396,69.8268181377878,59.038295591318395,15.328512891520022,85.35739467809377,39.213187990870985,RepeatedKFold_3x10,Mutual_Information,20,CV_Strategy,,
HistGB_Poisson,0.9660053942859278,0.0038174342304335656,0.6878501379773075,0.2239269137511581,73.37792242483079,31.569818290864593,55.99519786618012,11.473254365093968,85.52764845640097,34.243474640821944,RepeatedKFold_3x10,Mutual_Information,20,CV_Strategy,,
RandomForest,0.9369265049904405,0.011077780526374408,0.5886561507427058,0.24200619659314293,90.92157774566238,30.230108821882975,58.51514150004861,5.826660759639306,87.70314999774865,12.788110009327214,5-Fold,Random_Forest,20,CV_Strategy,,
HistGB_Poisson,0.9638521736773168,0.005759365750194333,0.5637803248087154,0.2255778140338981,76.01756484219084,16.34282000566333,57.34068387986665,5.995583052630665,92.98729801735449,19.830969202371275,5-Fold,Random_Forest,20,CV_Strategy,,
RandomForest,0.9398255363789019,0.0056007811295791235,0.6677204384852565,0.305977158146204,88.68318907915392,49.931406522637666,56.15190619807667,12.577004798633121,81.54836578140642,32.54460862303444,10-Fold,Random_Forest,20,CV_Strategy,,
HistGB_Poisson,0.9774631414189194,0.0030721036214516346,0.7019576911922334,0.23453621186628862,67.41897951921798,33.11707987922927,53.867120204568224,9.97556540514264,78.47505159502154,39.430442475932786,10-Fold,Random_Forest,20,CV_Strategy,,
RandomForest,0.9397251811125493,0.005446873691399894,0.6546954390121607,0.27018344973592867,91.12788203333508,45.65485347619234,56.94871566837069,14.794977922017683,81.27903562459115,35.69081736766415,RepeatedKFold_5x10,Random_Forest,20,CV_Strategy,,
HistGB_Poisson,0.9779006632856566,0.0030737116055545677,0.6559728026822955,0.2551469427860563,69.81278436840802,30.7172469003321,53.69683556747768,13.533861704689729,80.65741203607938,36.17632209629267,RepeatedKFold_5x10,Random_Forest,20,CV_Strategy,,
RandomForest,0.9398009107369298,0.005382212812248073,0.6646728718659051,0.262648963009,92.34490847686645,48.40750875240302,57.01255395539294,14.458124348095122,81.04982183370599,36.10448329696945,RepeatedKFold_3x10,Random_Forest,20,CV_Strategy,,
HistGB_Poisson,0.977734681974389,0.003183331722363588,0.6593067783210791,0.25481744406345497,70.34034453821276,29.18124073802033,54.182204411014325,13.413403346131163,78.88507333935657,37.478425705687485,RepeatedKFold_3x10,Random_Forest,20,CV_Strategy,,
RandomForest,0.9218762183890433,0.008558340113620439,0.5931985293162277,0.22231270849236998,106.02047306707603,44.6492765906949,60.45127950245478,10.899789274735536,88.77206098204351,16.174454217019527,5-Fold,F_Regression,20,CV_Strategy,,
HistGB_Poisson,0.9031423720969156,0.01387548924635971,0.5400973758791947,0.18345979305121632,94.27332405775874,28.138219826937636,64.16947304875224,7.88385852730961,104.25484766939626,17.540452993854554,5-Fold,F_Regression,20,CV_Strategy,,
RandomForest,0.9253883315874857,0.004628794328609851,0.6988919882351448,0.22377142200839292,107.49561185259623,66.85243706291699,59.84866474735526,12.987083483726693,83.89690499877577,35.710906811956676,10-Fold,F_Regression,20,CV_Strategy,,
HistGB_Poisson,0.9180077511665982,0.0064386701232207084,0.6408261402751231,0.30160460611935486,88.88769524662048,47.42013518714788,63.54078736806355,10.307037541274019,94.15081400987197,23.166011081649174,10-Fold,F_Regression,20,CV_Strategy,,
RandomForest,0.9258053099539445,0.006420146722814171,0.6099726822540221,0.2620261614778555,112.65721477716974,62.89254829910733,60.487584818970426,16.479174410792748,87.87465932030949,38.87347378240747,RepeatedKFold_5x10,F_Regression,20,CV_Strategy,,
HistGB_Poisson,0.9190055184233397,0.0052228428454909265,0.5624934406147045,0.2808947400034301,95.36878533450194,48.66083588232425,65.06106530212395,12.414714505511755,97.68001260408217,28.841503136685635,RepeatedKFold_5x10,F_Regression,20,CV_Strategy,,
RandomForest,0.9259669329212257,0.006495176528572379,0.6245114811193259,0.24671820861064464,115.38877755139075,63.779077507272895,61.01086236643621,14.750699798945641,87.82708841195699,38.63757119784208,RepeatedKFold_3x10,F_Regression,20,CV_Strategy,,
HistGB_Poisson,0.9191504810446777,0.00545125949513135,0.5850023295330753,0.2863811848029687,95.40484339892572,44.50778854173946,64.692374333612,12.205550460707055,97.33370407881301,28.153405734273022,RepeatedKFold_3x10,F_Regression,20,CV_Strategy,,
RandomForest,0.9479554446524338,0.006340073003045036,0.6854342032321006,0.2483690135801696,79.67961723919242,36.33053543208469,53.06099933480241,11.83072312647586,84.19076617960627,39.212366939497976,10-Fold,L1_Lasso,10,Feature_Sweep,,
HistGB_Poisson,0.9522686573938828,0.0061368182401577214,0.6193688379855085,0.24141997516085995,76.28914904347054,37.36152041533385,56.728989163529015,12.622873213568967,88.20849193156441,34.641695045424235,10-Fold,L1_Lasso,10,Feature_Sweep,,
RandomForest,0.9296295621893295,0.005319816485877618,0.676551248456984,0.2183952892573046,107.99659135756993,66.81438467727627,60.301382610877,12.846227202941837,87.50846274534914,33.08875751459983,10-Fold,Mutual_Information,10,Feature_Sweep,,
HistGB_Poisson,0.9052989379734735,0.012827688381891045,0.6450758815958091,0.28454215786700776,81.03821167129055,28.24039537867217,59.84310445655117,11.120967386020348,96.12623506143673,34.513813523033676,10-Fold,Mutual_Information,10,Feature_Sweep,,
RandomForest,0.9240861028909727,0.005030978290564475,0.6881375121367405,0.2121549513451728,112.08953672876586,69.09447970406498,60.106417121438234,15.171093093449832,84.44515447551672,36.291350194586585,10-Fold,Random_Forest,10,Feature_Sweep,,
HistGB_Poisson,0.8528033644181028,0.013355875717828517,0.5937533215892428,0.2568017560620383,98.40445541257404,44.31581323954561,68.30185277625955,16.259278626128,100.01333948462386,32.62388058985737,10-Fold,Random_Forest,10,Feature_Sweep,,
RandomForest,0.9264290495688373,0.005619206585270595,0.6856925959961699,0.2148727337949678,111.37402483934541,72.85805887596699,60.04623670984025,13.546781761989312,85.09087447933479,36.95958227872236,10-Fold,F_Regression,10,Feature_Sweep,,
HistGB_Poisson,0.8271410930853873,0.011308396593742578,0.5639134153515484,0.2586198617507949,111.78126111989317,73.3571477198937,64.42584166807212,12.823863145072302,105.11701382602988,34.584343818982425,10-Fold,F_Regression,10,Feature_Sweep,,
RandomForest,0.9439345669664657,0.006704843706208828,0.6976778572710525,0.25028932402790427,87.1824506443736,40.04949611728837,53.50937565915751,14.002583378739025,81.85606903691342,34.61073810285425,10-Fold,L1_Lasso,15,Feature_Sweep,,
HistGB_Poisson,0.9763214626706398,0.002648645596201734,0.6325297785393429,0.2682109113618833,69.27550676079977,27.151659521010004,53.445296469709305,11.992274678376168,87.22473588601189,34.01678209730229,10-Fold,L1_Lasso,15,Feature_Sweep,,
RandomForest,0.9309500056937795,0.005559971155450141,0.6838356994944228,0.23493725255136252,109.63343971644179,79.24591542019945,58.08717621416063,14.473584795068318,86.54917465561499,33.4976066010939,10-Fold,Mutual_Information,15,Feature_Sweep,,
HistGB_Poisson,0.9194221412533649,0.01073288832592231,0.6369442321465179,0.24976408569522268,82.47489244006545,31.914007154638526,60.718473713407526,13.296870705575184,97.48170379091574,31.126239402047414,10-Fold,Mutual_Information,15,Feature_Sweep,,
RandomForest,0.9347470418113009,0.004576652189351093,0.6907495273050911,0.23461255484729174,96.5351998031193,62.584932457791645,54.66761293701759,13.818418271735428,80.78348888085856,32.110716272263694,10-Fold,Random_Forest,15,Feature_Sweep,,
HistGB_Poisson,0.9586163443354134,0.010239277003929004,0.5614268072441779,0.272687876713771,86.72401055616844,44.732036482922176,59.513738455274144,12.05833160342189,95.95422777555568,36.298588184348766,10-Fold,Random_Forest,15,Feature_Sweep,,
RandomForest,0.9246899664107285,0.0051740297620873794,0.6610967336634151,0.26143468990513413,110.88242542507558,84.44419977141028,59.081714281384066,13.161658658807477,86.66267795821169,34.57658998175119,10-Fold,F_Regression,15,Feature_Sweep,,
HistGB_Poisson,0.9046135449432426,0.012285452431681764,0.6140277787988742,0.22617435150951148,104.71890507495827,79.4188305646063,63.58593364804587,10.742649244721218,104.20645561147819,22.620001556380917,10-Fold,F_Regression,15,Feature_Sweep,,
RandomForest,0.9458247516196433,0.005770767509217289,0.7088385016880265,0.2521220677860452,86.55491191261169,43.90727717480341,52.674373684139525,13.392587071373388,78.87361330814134,33.68590349867786,10-Fold,L1_Lasso,20,Feature_Sweep,,
HistGB_Poisson,0.9797478719206971,0.002965441294103005,0.6543715948877739,0.2581782954013998,60.14978220569433,17.68055492027277,50.01856966886232,10.010021244535968,81.60790783070861,32.891329079824295,10-Fold,L1_Lasso,20,Feature_Sweep,,
RandomForest,0.933488771390661,0.006638811117858457,0.6344943640531481,0.23846981035678183,112.57266822021145,87.627065964204,59.057919534928985,14.557333176868076,87.46145749877056,35.22266608237731,10-Fold,Mutual_Information,20,Feature_Sweep,,
HistGB_Poisson,0.966045424629289,0.004144906896843242,0.7308841749239717,0.22625773105523206,74.47214439012973,39.44245036159273,56.69768231294402,12.352434273263544,87.41770926890172,33.43723691642055,10-Fold,Mutual_Information,20,Feature_Sweep,,
RandomForest,0.9398255363789019,0.0056007811295791235,0.6677204384852565,0.305977158146204,88.68318907915392,49.931406522637666,56.15190619807667,12.577004798633121,81.54836578140642,32.54460862303444,10-Fold,Random_Forest,20,Feature_Sweep,,
HistGB_Poisson,0.9774631414189194,0.0030721036214516346,0.7019576911922334,0.23453621186628862,67.41897951921798,33.11707987922927,53.867120204568224,9.97556540514264,78.47505159502154,39.430442475932786,10-Fold,Random_Forest,20,Feature_Sweep,,
RandomForest,0.9253883315874857,0.004628794328609851,0.6988919882351448,0.22377142200839292,107.49561185259623,66.85243706291699,59.84866474735526,12.987083483726693,83.89690499877577,35.710906811956676,10-Fold,F_Regression,20,Feature_Sweep,,
HistGB_Poisson,0.9180077511665982,0.0064386701232207084,0.6408261402751231,0.30160460611935486,88.88769524662048,47.42013518714788,63.54078736806355,10.307037541274019,94.15081400987197,23.166011081649174,10-Fold,F_Regression,20,Feature_Sweep,,
RandomForest,0.944366463744738,0.005987658696257075,0.6920024085721377,0.2244464749280138,88.40167859736496,46.92708330070048,53.34034222176365,13.139176960734558,81.00699328607017,33.5151346807553,10-Fold,L1_Lasso,25,Feature_Sweep,,
HistGB_Poisson,0.9846404248506886,0.002799961981079472,0.6306622286963616,0.233535403953796,62.61752662221185,18.432150576131736,52.313018252336576,11.740554673307022,85.05432108960647,31.767563158057193,10-Fold,L1_Lasso,25,Feature_Sweep,,
RandomForest,0.9348579106250015,0.006236431245853977,0.6368814665392084,0.2548686602714841,114.27345012096623,94.97461122760289,58.910040136840124,15.607464088873328,86.42296686940759,36.48586768416991,10-Fold,Mutual_Information,25,Feature_Sweep,,
HistGB_Poisson,0.9698151985971905,0.0050189302675608585,0.7059623778428386,0.2595735687460547,72.829825770203,34.698951984429556,57.1347842519959,12.373776579903241,92.3006839558303,34.28284207047385,10-Fold,Mutual_Information,25,Feature_Sweep,,
RandomForest,0.9398682819346618,0.005404310354304804,0.6651005905092652,0.3056819330039182,89.10749961890586,47.57064462862999,56.382610623053594,11.715917142505058,81.82304482323136,33.08480779485722,10-Fold,Random_Forest,25,Feature_Sweep,,
HistGB_Poisson,0.9793539720575237,0.0031287760693143687,0.6621751478155,0.22540830184859964,69.11795889317935,36.61854852996761,53.724772221813986,10.374918492848682,86.3580296673695,44.86795567692992,10-Fold,Random_Forest,25,Feature_Sweep,,
RandomForest,0.9289537214841033,0.004557605156355626,0.6701563864651993,0.23471853558387482,109.53061613340735,65.8812871251065,60.04327607124494,12.770502245867911,84.17081564663359,34.92812113538313,10-Fold,F_Regression,25,Feature_Sweep,,
HistGB_Poisson,0.9383137023724938,0.005281409566693849,0.6288238343884699,0.26239479445603525,89.91028083691512,53.633821289148294,63.42297161265401,11.73570889295264,97.84633237094845,32.34069365151007,10-Fold,F_Regression,25,Feature_Sweep,,
RandomForest,0.9447177760178194,0.00545768697892076,0.6976585451027517,0.22614778193815943,88.55035150395376,45.39369541206846,53.7430670976942,12.995530263352817,79.8143919754641,30.973361187083913,10-Fold,L1_Lasso,30,Feature_Sweep,,
HistGB_Poisson,0.9846404248506886,0.002799961981079472,0.6306622286963616,0.233535403953796,62.61752662221185,18.432150576131736,52.313018252336576,11.740554673307022,85.05432108960647,31.767563158057193,10-Fold,L1_Lasso,30,Feature_Sweep,,
RandomForest,0.9325145913479442,0.005789577472766578,0.64376774718052,0.23496490260285222,113.2307962371796,84.60306060093997,58.31799684797426,14.33230300606158,84.70275859584123,34.70163210150306,10-Fold,Mutual_Information,30,Feature_Sweep,,
HistGB_Poisson,0.9737420952888222,0.004426586252562055,0.6977235292855171,0.2373762629852071,71.91141815664548,29.948453068134427,55.43723990335697,11.318533392752888,92.4794703511341,32.56965191239885,10-Fold,Mutual_Information,30,Feature_Sweep,,
RandomForest,0.9445074271382993,0.0054291165030706705,0.6783994113045061,0.2829666547884397,86.81043326886734,50.828712632537155,54.65641249934801,12.564434312122666,80.66608715491189,33.79600731078008,10-Fold,Random_Forest,30,Feature_Sweep,,
HistGB_Poisson,0.9868397338544502,0.002669576897844463,0.7111731795412591,0.17842224348855298,65.94917969612277,27.596514016977768,52.42956954550944,11.35625856051928,77.53661565075373,34.40702422564124,10-Fold,Random_Forest,30,Feature_Sweep,,
RandomForest,0.9298299325751651,0.005543084577626324,0.6858656306028441,0.2385351873888037,111.95784235317713,83.8299779549242,59.28232592267665,15.41552510506589,83.51450369754173,36.04700649544404,10-Fold,F_Regression,30,Feature_Sweep,,
HistGB_Poisson,0.9486607844682717,0.003982466719276424,0.6429441368694329,0.21186561572855916,81.78853706616476,42.41826199340414,60.68775746286093,9.998629070904645,99.80072301440684,27.326424430213542,10-Fold,F_Regression,30,Feature_Sweep,,
RandomForest,0.9536296109230943,0.005869869685265769,0.6319213263398875,0.23081683007231785,78.7481343106846,28.558135316348846,53.33680761596222,12.431743750386543,83.34736968355504,10.794790246964082,5-Fold,L1_Lasso,10,HP_Tuning,"{'n_estimators': 500, 'min_samples_split': 2, 'min_samples_leaf': 1, 'max_features': 'sqrt', 'max_depth': 30}",
HistGB_Poisson,0.9919833121743027,0.0018700716562571084,0.6064098316351318,0.2587756926219891,58.33136727021114,25.083583974747068,49.4514238059821,12.256015831061307,81.89666938120527,24.793245402250715,5-Fold,L1_Lasso,10,HP_Tuning,"{'min_samples_leaf': 10, 'max_iter': 300, 'max_depth': 5, 'learning_rate': 0.1, 'l2_regularization': 0.0}",
HistGB_SquaredError,0.9035850257999891,0.04473245744452588,0.5995384027086981,0.2698578142611924,75.15189278463454,16.50169122371165,64.7617195597982,11.824232430617533,88.28132958500146,23.807282873363132,5-Fold,L1_Lasso,10,HP_Tuning,"{'min_samples_leaf': 10, 'max_iter': 300, 'max_depth': 10, 'learning_rate': 0.05, 'l2_regularization': 10.0}",
ExtraTrees,0.9998069715963004,3.7727808276632155e-05,0.6481261972202962,0.21885321967920865,69.57234737352152,26.200474006342567,49.26354667983233,11.14126789220989,82.24239783151472,14.423573175055454,5-Fold,L1_Lasso,10,HP_Tuning,"{'n_estimators': 300, 'min_samples_split': 2, 'min_samples_leaf': 1, 'max_features': 'sqrt', 'max_depth': 15}",
GradientBoosting_Huber,0.971814838076168,0.004164738290853769,0.6044063611377861,0.2841803869753868,77.56531059298388,18.34104057295953,67.42603829079444,3.2606603659004274,87.03740729318521,27.174706401633863,5-Fold,L1_Lasso,10,HP_Tuning,"{'subsample': 1.0, 'n_estimators': 500, 'min_samples_split': 10, 'min_samples_leaf': 10, 'max_depth': 5, 'learning_rate': 0.05, 'alpha': 0.9}",
PoissonRegressor,0.712582528989965,0.019831755931410802,0.5382328417472002,0.2121777787302411,75.23354827573431,21.65398202994096,53.530558176480326,10.245186691383653,107.2206788875192,35.2212885339238,5-Fold,L1_Lasso,10,HP_Tuning,{'alpha': 10.0},
Bagging_HistGB,0.8567320131063276,0.020553347205415122,0.5901294628033247,0.23700968109895074,71.16256578406417,18.789232489657103,51.13313225048248,9.313268359186436,88.10170345881657,15.78892563648745,5-Fold,L1_Lasso,10,HP_Tuning,"{'max_features': 1.0, 'max_samples': 0.8, 'n_estimators': 15}",
RandomForest,0.9544838026815811,0.00384242022808399,0.7284682905346073,0.23993018006930586,76.14809529747025,31.208997215092154,53.04246795419895,13.841947883894813,77.80261302723781,30.92256211779742,10-Fold,L1_Lasso,10,HP_Tuning,"{'n_estimators': 300, 'min_samples_split': 2, 'min_samples_leaf': 1, 'max_features': 'sqrt', 'max_depth': 20}",
HistGB_Poisson,0.9662984296407051,0.004153914087164241,0.665357293947472,0.29163444103251374,61.6976908313669,21.081612760447527,52.542938465477505,11.533371138240911,83.74738531394425,39.93923948462939,10-Fold,L1_Lasso,10,HP_Tuning,"{'min_samples_leaf': 10, 'max_iter': 800, 'max_depth': 7, 'learning_rate': 0.01, 'l2_regularization': 1.0}",
HistGB_SquaredError,0.9301923029861975,0.0320349195147558,0.6937246141518513,0.2764505455356117,77.93819474380277,32.09278337812399,64.83985092878252,13.17075416622541,81.1832970108828,33.51995979714549,10-Fold,L1_Lasso,10,HP_Tuning,"{'min_samples_leaf': 10, 'max_iter': 800, 'max_depth': 10, 'learning_rate': 0.01, 'l2_regularization': 0.0}",
ExtraTrees,0.9996819948357281,8.91641579733983e-05,0.7446550809260175,0.24101442871037954,68.21998578946018,32.05356141454232,49.31254275068953,14.329997378648478,75.94455025103454,33.57758643572916,10-Fold,L1_Lasso,10,HP_Tuning,"{'n_estimators': 300, 'min_samples_split': 2, 'min_samples_leaf': 1, 'max_features': 'sqrt', 'max_depth': 15}",
GradientBoosting_Huber,0.9936998827221644,0.003023161823558113,0.7249030986669214,0.28734844884526556,64.42056844383393,23.112986691059735,51.748067801549986,10.3779292732147,77.47974005890715,38.48378126912303,10-Fold,L1_Lasso,10,HP_Tuning,"{'subsample': 1.0, 'n_estimators': 500, 'min_samples_split': 10, 'min_samples_leaf': 3, 'max_depth': 5, 'learning_rate': 0.1, 'alpha': 0.9}",
PoissonRegressor,0.7066231454361213,0.016374913603495512,0.6513213960608484,0.22754295527497573,77.43795580173091,32.22321417164821,54.95813935819841,13.429697706276128,99.37229056371505,44.84506304089016,10-Fold,L1_Lasso,10,HP_Tuning,{'alpha': 10.0},
Bagging_HistGB,0.8651429518708497,0.009582521054145436,0.648352261115672,0.24300307589380993,73.11764778937494,23.2597298824524,54.72420206790961,9.780313924416118,86.67849748996893,31.183953660162114,10-Fold,L1_Lasso,10,HP_Tuning,"{'max_features': 1.0, 'max_samples': 0.8, 'n_estimators': 10}",
RandomForest,0.9538399521860835,0.0037026201527594668,0.7092625210866415,0.23021272360404607,76.26354709017295,25.781663680984856,52.89849323466387,13.027507927821256,76.49981251894856,32.86673036380559,RepeatedKFold_5x10,L1_Lasso,10,HP_Tuning,"{'n_estimators': 300, 'min_samples_split': 2, 'min_samples_leaf': 1, 'max_features': 'sqrt', 'max_depth': 30}",
HistGB_Poisson,0.9424965435084657,0.005883577484751574,0.6665286420669814,0.2667233834277691,62.793471852880465,23.723109609442943,50.70887263754631,14.044459955484623,83.050592705537,40.12725331758353,RepeatedKFold_5x10,L1_Lasso,10,HP_Tuning,"{'min_samples_leaf': 10, 'max_iter': 500, 'max_depth': 5, 'learning_rate': 0.01, 'l2_regularization': 1.0}",
HistGB_SquaredError,0.8767576043574915,0.0457312322558434,0.6758989664705232,0.24859447119485176,72.49812362580455,22.833907403820113,58.74259739635041,13.622978423538042,82.6013791479803,34.961799051246025,RepeatedKFold_5x10,L1_Lasso,10,HP_Tuning,"{'min_samples_leaf': 10, 'max_iter': 500, 'max_depth': 5, 'learning_rate': 0.01, 'l2_regularization': 1.0}",
ExtraTrees,0.9360022205735287,0.005754923361534719,0.7277233394938679,0.20977665753322025,71.6733154952264,31.418071748916702,49.413998819862464,12.965955245135945,76.28020738673591,35.30320778093732,RepeatedKFold_5x10,L1_Lasso,10,HP_Tuning,"{'n_estimators': 800, 'min_samples_split': 5, 'min_samples_leaf': 1, 'max_features': 'sqrt', 'max_depth': 25}",
GradientBoosting_Huber,0.941700234558784,0.008046703382248156,0.6763600036470371,0.2541562088074245,66.8025979002092,22.946589467722497,54.449324555162185,14.209300171936732,79.79591293650141,34.13471924421901,RepeatedKFold_5x10,L1_Lasso,10,HP_Tuning,"{'subsample': 1.0, 'n_estimators': 500, 'min_samples_split': 10, 'min_samples_leaf': 5, 'max_depth': 5, 'learning_rate': 0.01, 'alpha': 0.8}",
PoissonRegressor,0.707015893266072,0.021022487400301413,0.6349168373794367,0.21821503700784792,77.88444819641433,24.230647515356136,55.27117979776172,12.758036124481672,100.15699657986357,53.893961912293896,RepeatedKFold_5x10,L1_Lasso,10,HP_Tuning,{'alpha': 10.0},
Bagging_HistGB,0.8627063956060058,0.014785811021500641,0.5860593924911829,0.2539540581172553,75.84478355139233,31.083357509301116,54.72939488639976,14.378408068558985,89.73197543042133,35.54241513634815,RepeatedKFold_5x10,L1_Lasso,10,HP_Tuning,"{'max_features': 1.0, 'max_samples': 0.7, 'n_estimators': 15}",
RandomForest,0.953995600992993,0.0033447313188240523,0.7173539169394819,0.2195230527729585,76.06060174545522,26.641096728472785,52.75910079314735,12.781356750601711,75.96320774476702,32.822533339383966,RepeatedKFold_3x10,L1_Lasso,10,HP_Tuning,"{'n_estimators': 300, 'min_samples_split': 2, 'min_samples_leaf': 1, 'max_features': 'sqrt', 'max_depth': 30}",
HistGB_Poisson,0.9950057026124873,0.0006837141956902626,0.6669267101832158,0.24129930245298678,60.83959271731127,21.361807126550048,52.986514211314535,13.697649841327944,81.94530493803867,33.89340985114439,RepeatedKFold_3x10,L1_Lasso,10,HP_Tuning,"{'min_samples_leaf': 10, 'max_iter': 800, 'max_depth': 5, 'learning_rate': 0.05, 'l2_regularization': 0.0}",
HistGB_SquaredError,0.8770333391272371,0.0456306928364959,0.6775850976357841,0.26255574094927064,73.52246177656642,25.77796839365546,58.60166004356645,15.171316947688867,82.89917585017959,36.76733423778221,RepeatedKFold_3x10,L1_Lasso,10,HP_Tuning,"{'min_samples_leaf': 10, 'max_iter': 500, 'max_depth': 5, 'learning_rate': 0.01, 'l2_regularization': 1.0}",
ExtraTrees,0.9358420516053173,0.005917057257845072,0.7277301010717578,0.21049303110362563,71.8291199952683,32.016958421092916,49.41541226099627,12.478212580663005,76.24087106054402,35.08276255198144,RepeatedKFold_3x10,L1_Lasso,10,HP_Tuning,"{'n_estimators': 800, 'min_samples_split': 5, 'min_samples_leaf': 1, 'max_features': 'sqrt', 'max_depth': 25}",
GradientBoosting_Huber,0.8190265418637133,0.020397621660323096,0.7168925990976593,0.24426086698863908,67.73787842465224,24.415322765250462,54.09694595896338,13.139896922405446,79.66654039772797,38.342174450510264,RepeatedKFold_3x10,L1_Lasso,10,HP_Tuning,"{'subsample': 1.0, 'n_estimators': 200, 'min_samples_split': 5, 'min_samples_leaf': 5, 'max_depth': 3, 'learning_rate': 0.01, 'alpha': 0.8}",
PoissonRegressor,0.7069127546819425,0.02158907220312423,0.6591632791599803,0.2085901538941699,77.95035253641969,23.742863098073446,55.143855794655416,12.175250745833788,101.51109487396937,57.452577983480204,RepeatedKFold_3x10,L1_Lasso,10,HP_Tuning,{'alpha': 10.0},
Bagging_HistGB,0.861091560962817,0.015709433845137805,0.5958061495278277,0.2500856897601446,76.10549872598236,29.69126492697409,54.393104870372404,14.150243084485755,88.75628577974334,34.45233084304537,RepeatedKFold_3x10,L1_Lasso,10,HP_Tuning,"{'max_features': 1.0, 'max_samples': 0.7, 'n_estimators': 15}",
RandomForest,0.9154610941934882,0.01345281567333296,0.6308196259494695,0.24852342997839805,90.0765366808059,37.62742384528496,54.3544143381924,13.61395103709635,82.73816661113419,17.83970110511185,5-Fold,L1_Lasso,15,HP_Tuning,"{'n_estimators': 500, 'min_samples_split': 5, 'min_samples_leaf': 1, 'max_features': 0.5, 'max_depth': None}",
HistGB_Poisson,0.954481386875375,0.0072440956524058445,0.6721213468194303,0.23619669483134925,58.41158611692492,19.366827397879828,47.845675054695334,10.16487640084843,74.45927414266701,23.45997110806918,5-Fold,L1_Lasso,15,HP_Tuning,"{'min_samples_leaf': 10, 'max_iter': 500, 'max_depth': 5, 'learning_rate': 0.01, 'l2_regularization': 1.0}",
HistGB_SquaredError,0.9576379565450786,0.023133942619825487,0.6323818968588976,0.2515854908949714,72.65542944450124,22.42290772017864,61.21330999110804,16.37321958464857,83.19157837529629,18.140756958497022,5-Fold,L1_Lasso,15,HP_Tuning,"{'min_samples_leaf': 10, 'max_iter': 300, 'max_depth': 10, 'learning_rate': 0.05, 'l2_regularization': 10.0}",
ExtraTrees,0.9368006440570535,0.008676991194814635,0.6462740098106862,0.2344930399186144,79.61362178035321,35.30345377086673,51.28255371971443,12.721126630874629,81.50700968745862,17.36484183797914,5-Fold,L1_Lasso,15,HP_Tuning,"{'n_estimators': 500, 'min_samples_split': 5, 'min_samples_leaf': 1, 'max_features': 'sqrt', 'max_depth': 15}",
GradientBoosting_Huber,0.9724707451363714,0.007280167706462882,0.6596229243262889,0.24637619045933568,70.9024609164752,21.389211083391032,56.360053682224944,13.981645048927316,78.37522267528902,11.941757288481707,5-Fold,L1_Lasso,15,HP_Tuning,"{'subsample': 1.0, 'n_estimators': 200, 'min_samples_split': 5, 'min_samples_leaf': 5, 'max_depth': 3, 'learning_rate': 0.1, 'alpha': 0.8}",
PoissonRegressor,0.8064111966368317,0.01497508037547285,0.6331308994099724,0.1664888491043896,61.12085999686385,19.990836766447018,46.357559702875974,8.984346396006647,84.58570482843524,17.826736667982793,5-Fold,L1_Lasso,15,HP_Tuning,{'alpha': 10.0},
Bagging_HistGB,0.8902142958967563,0.019121617666064756,0.6055798093510798,0.2698954035021727,66.08177891638209,16.052078016813535,49.784747031544214,7.834292016054679,86.4484352665032,19.95773555338411,5-Fold,L1_Lasso,15,HP_Tuning,"{'max_features': 1.0, 'max_samples': 0.8, 'n_estimators': 15}",
RandomForest,0.947089348635175,0.004301552490346507,0.7317315022559903,0.2532042023099598,89.96762203769322,42.77064986224778,54.12132104928757,15.085592057716115,78.3695728167217,33.56454954838295,10-Fold,L1_Lasso,15,HP_Tuning,"{'n_estimators': 300, 'min_samples_split': 2, 'min_samples_leaf': 1, 'max_features': 'sqrt', 'max_depth': 20}",
HistGB_Poisson,0.9798595035146025,0.002721279894635948,0.7149566311693782,0.2548782384905378,55.89397690910977,18.218067971597225,49.25310816229029,12.980069090578667,78.91951459116275,35.48645762687894,10-Fold,L1_Lasso,15,HP_Tuning,"{'min_samples_leaf': 10, 'max_iter': 800, 'max_depth': 7, 'learning_rate': 0.01, 'l2_regularization': 1.0}",
HistGB_SquaredError,0.9997663452142629,0.0001096369299600433,0.6951950812642252,0.2907674616352327,76.31668786786616,43.633700199886455,59.95768129699303,17.46623579140772,77.33511862907193,32.69993856714265,10-Fold,L1_Lasso,15,HP_Tuning,"{'min_samples_leaf': 10, 'max_iter': 800, 'max_depth': 7, 'learning_rate': 0.1, 'l2_regularization': 1.0}",
ExtraTrees,0.9404544074319604,0.005312271406610846,0.744076001533472,0.23917329348151126,78.44725177183713,38.21317386822067,50.91299867388627,13.812168510522698,74.8094222500365,34.56443394708079,10-Fold,L1_Lasso,15,HP_Tuning,"{'n_estimators': 500, 'min_samples_split': 5, 'min_samples_leaf': 1, 'max_features': 'sqrt', 'max_depth': None}",
GradientBoosting_Huber,0.9952776451864986,0.002214216679163529,0.728389070098568,0.2616992752653256,66.60172110157133,37.448390533093566,48.91539062476921,13.95091427838798,75.58215792751047,26.00098975287794,10-Fold,L1_Lasso,15,HP_Tuning,"{'subsample': 1.0, 'n_estimators': 500, 'min_samples_split': 10, 'min_samples_leaf': 3, 'max_depth': 7, 'learning_rate': 0.1, 'alpha': 0.8}",
PoissonRegressor,0.8021049979174888,0.013785500186657836,0.7199493303864879,0.22814422780137636,65.021044100019,31.23263849820858,48.05316209695651,9.88236834338942,76.2719366515532,44.410620485900495,10-Fold,L1_Lasso,15,HP_Tuning,{'alpha': 10.0},
Bagging_HistGB,0.88710309210946,0.01559606813848978,0.6555235564354971,0.2605359463034665,65.9172244502279,19.077655816252356,49.48989460288726,9.556376229529604,82.70576281654044,32.66896519913691,10-Fold,L1_Lasso,15,HP_Tuning,"{'max_features': 0.8, 'max_samples': 1.0, 'n_estimators': 5}",
RandomForest,0.9473977079049672,0.004126894597842092,0.6999055443231994,0.23410843170355042,90.52899142306401,38.06202443216485,54.759387782666956,14.483291794292288,77.86302129785453,35.61696667888019,RepeatedKFold_5x10,L1_Lasso,15,HP_Tuning,"{'n_estimators': 300, 'min_samples_split': 2, 'min_samples_leaf': 1, 'max_features': 'sqrt', 'max_depth': 20}",
HistGB_Poisson,0.9604212046389263,0.004852599606078782,0.6896742049920251,0.2505515933328451,58.80497782306855,19.922478219353845,49.42562328735709,13.28365667938685,77.40938284014729,38.14949787016608,RepeatedKFold_5x10,L1_Lasso,15,HP_Tuning,"{'min_samples_leaf': 10, 'max_iter': 500, 'max_depth': 5, 'learning_rate': 0.01, 'l2_regularization': 1.0}",
HistGB_SquaredError,0.96777479183233,0.014292687676907782,0.6892926918092057,0.25288964100682654,69.05216591988375,26.114763817590674,56.83891148234871,15.72869600500265,76.94262434307235,35.59454678957466,RepeatedKFold_5x10,L1_Lasso,15,HP_Tuning,"{'min_samples_leaf': 10, 'max_iter': 300, 'max_depth': 10, 'learning_rate': 0.05, 'l2_regularization': 10.0}",
ExtraTrees,0.940187333355332,0.005617972732760302,0.7231207390458431,0.2167996246079007,78.78571864375549,34.415076007331095,51.201267376208314,13.45552042363744,75.3040753811842,35.8382175341024,RepeatedKFold_5x10,L1_Lasso,15,HP_Tuning,"{'n_estimators': 500, 'min_samples_split': 5, 'min_samples_leaf': 1, 'max_features': 'sqrt', 'max_depth': None}",
GradientBoosting_Huber,0.9256172951322428,0.02050633796732511,0.6817923637223235,0.24472801869681135,67.39283747052849,24.27481086663976,56.57473722618978,15.936027203218993,78.24793895244974,35.61839257673604,RepeatedKFold_5x10,L1_Lasso,15,HP_Tuning,"{'subsample': 0.8, 'n_estimators': 200, 'min_samples_split': 5, 'min_samples_leaf': 10, 'max_depth': 3, 'learning_rate': 0.05, 'alpha': 0.9}",
PoissonRegressor,0.8022527246051454,0.016397442451532733,0.7131608300813569,0.21766768171517265,64.92111340400078,26.171445371858365,48.90567698027747,12.893760634851414,77.98713767343294,44.73391032083038,RepeatedKFold_5x10,L1_Lasso,15,HP_Tuning,{'alpha': 10.0},
Bagging_HistGB,0.9050337295397807,0.009026621732302717,0.6295305364757467,0.25095501380438673,67.88002250075435,31.15336891237564,50.425614273375544,13.220086667739906,84.38563348339035,38.522412516717736,RepeatedKFold_5x10,L1_Lasso,15,HP_Tuning,"{'max_features': 0.8, 'max_samples': 1.0, 'n_estimators': 15}",
RandomForest,0.91943649406969,0.0073930301304035015,0.706077598923937,0.22218494149218135,89.52577259352488,39.84479145340497,53.82008309443385,13.860161908609477,77.00744144433972,35.88668356171491,RepeatedKFold_3x10,L1_Lasso,15,HP_Tuning,"{'n_estimators': 300, 'min_samples_split': 5, 'min_samples_leaf': 1, 'max_features': 0.5, 'max_depth': 20}",
HistGB_Poisson,0.9801197757074662,0.0027302145708262855,0.703867198703246,0.23705175689095156,56.5998881301087,18.89404232052136,48.9867805761684,13.68000462776638,75.90338865079501,37.93200813915182,RepeatedKFold_3x10,L1_Lasso,15,HP_Tuning,"{'min_samples_leaf': 10, 'max_iter': 800, 'max_depth': 7, 'learning_rate': 0.01, 'l2_regularization': 1.0}",
HistGB_SquaredError,0.936978834136278,0.010857393894983646,0.7013298298167905,0.2600896025147264,68.77159833436431,26.95722207801241,53.11693424062192,15.132189847936047,76.45301117632788,37.93178774238673,RepeatedKFold_3x10,L1_Lasso,15,HP_Tuning,"{'min_samples_leaf': 10, 'max_iter': 800, 'max_depth': 10, 'learning_rate': 0.01, 'l2_regularization': 10.0}",
ExtraTrees,0.9401145188991712,0.005680648947987155,0.7258900267751336,0.21870878397452162,79.66815308903911,34.00009763375019,51.15642961954952,12.76296495198443,74.55258042151182,36.840070055237575,RepeatedKFold_3x10,L1_Lasso,15,HP_Tuning,"{'n_estimators': 800, 'min_samples_split': 5, 'min_samples_leaf': 1, 'max_features': 'sqrt', 'max_depth': 25}",
GradientBoosting_Huber,0.9693909488351776,0.007150093270388327,0.707229655714017,0.21758552354611616,69.84993866269899,32.14532491248599,51.533271700799055,12.351474680570664,75.22675963557143,28.788980040640475,RepeatedKFold_3x10,L1_Lasso,15,HP_Tuning,"{'subsample': 1.0, 'n_estimators': 500, 'min_samples_split': 10, 'min_samples_leaf': 3, 'max_depth': 7, 'learning_rate': 0.01, 'alpha': 0.8}",
PoissonRegressor,0.8022979029529796,0.017248586058519196,0.7150325445170227,0.2181925543986267,65.37911599753207,24.74709169697597,48.83771725146009,12.187353502145042,77.99831343234881,46.28311739503976,RepeatedKFold_3x10,L1_Lasso,15,HP_Tuning,{'alpha': 10.0},
Bagging_HistGB,0.8908366363176355,0.01717414274154858,0.6303256772431419,0.25059254144469667,67.63857944919079,24.397484901920375,50.607734216625566,13.280008076040637,81.73559300048233,34.85746026977883,RepeatedKFold_3x10,L1_Lasso,15,HP_Tuning,"{'max_features': 0.8, 'max_samples': 1.0, 'n_estimators': 5}",
RandomForest,0.9477787263035674,0.007672339321358619,0.6615102479179106,0.24090701472059955,81.90592129503975,35.484959251868055,52.229408169634155,11.88404570080541,80.2469430406859,14.371125125289549,5-Fold,L1_Lasso,20,HP_Tuning,"{'n_estimators': 500, 'min_samples_split': 2, 'min_samples_leaf': 1, 'max_features': 0.5, 'max_depth': 20}",
HistGB_Poisson,0.9613975787974656,0.006130989282056794,0.6721824049924358,0.20613546025262316,55.211345311757704,14.565738486268325,47.75255094134749,8.2524814200062,75.6673045490953,21.60285334119574,5-Fold,L1_Lasso,20,HP_Tuning,"{'min_samples_leaf': 10, 'max_iter': 500, 'max_depth': 7, 'learning_rate': 0.01, 'l2_regularization': 1.0}",
HistGB_SquaredError,0.9704729489833372,0.00848394413283856,0.6494567265510082,0.22820110199457158,71.8637796025086,9.524986080536785,60.010180037177726,8.304377807385478,83.45087255801675,14.660215459195808,5-Fold,L1_Lasso,20,HP_Tuning,"{'min_samples_leaf': 10, 'max_iter': 300, 'max_depth': 10, 'learning_rate': 0.05, 'l2_regularization': 10.0}",
ExtraTrees,0.9494344194249287,0.0071761726840852995,0.6573134025080496,0.22809469552358388,71.58862229941185,31.744963941842922,49.22259776957307,11.841402437853029,80.17007958357513,14.824433717313497,5-Fold,L1_Lasso,20,HP_Tuning,"{'n_estimators': 800, 'min_samples_split': 5, 'min_samples_leaf': 1, 'max_features': 'sqrt', 'max_depth': 25}",
GradientBoosting_Huber,0.9972589283321238,0.0013396969162819006,0.6781744939389933,0.21105989709272882,62.91217812218089,22.120584377182322,49.208812782336686,8.674123292152917,76.4445500866183,11.23576142433993,5-Fold,L1_Lasso,20,HP_Tuning,"{'subsample': 1.0, 'n_estimators': 500, 'min_samples_split': 5, 'min_samples_leaf': 3, 'max_depth': 7, 'learning_rate': 0.1, 'alpha': 0.8}",
PoissonRegressor,0.8209309202276707,0.012577152712364117,0.5663459090167423,0.15629762880224127,64.41538312785612,18.386297303439843,48.435454083455,7.747797250288279,99.06442168213273,24.13757380272679,5-Fold,L1_Lasso,20,HP_Tuning,{'alpha': 10.0},
Bagging_HistGB,0.8950444976203851,0.018718594483873006,0.6086053705991851,0.26203708404304976,62.53705048705124,13.11355934499688,50.02074344456834,8.232847952416517,85.14043821896591,19.743660743124106,5-Fold,L1_Lasso,20,HP_Tuning,"{'max_features': 1.0, 'max_samples': 0.8, 'n_estimators': 15}",
RandomForest,0.9263460843347129,0.007511329344025065,0.7268673387010083,0.2535324742206879,85.14778105774921,43.32720657419504,52.52691549639085,13.898291568439726,76.54588039089742,31.729887490684078,10-Fold,L1_Lasso,20,HP_Tuning,"{'n_estimators': 500, 'min_samples_split': 5, 'min_samples_leaf': 1, 'max_features': 0.5, 'max_depth': 20}",
HistGB_Poisson,0.9976969272865734,0.00045099678582212027,0.7017395003482839,0.25753184222332337,51.199472058715656,15.65012434382846,48.904603218293225,12.639502552979115,79.01894677801256,38.05788968799899,10-Fold,L1_Lasso,20,HP_Tuning,"{'min_samples_leaf': 10, 'max_iter': 500, 'max_depth': 7, 'learning_rate': 0.1, 'l2_regularization': 0.0}",
HistGB_SquaredError,0.9931260444147538,0.0020803243366495057,0.7025512843715439,0.29918739000598843,58.585587508607816,32.96550046459801,46.834333225574916,18.326639775798622,74.48810394260775,38.49523146803588,10-Fold,L1_Lasso,20,HP_Tuning,"{'min_samples_leaf': 10, 'max_iter': 300, 'max_depth': 7, 'learning_rate': 0.05, 'l2_regularization': 0.0}",
ExtraTrees,0.9531411358010992,0.004305657457842037,0.7435667032308224,0.2388095401946443,73.63197046546108,32.854326739439465,50.369601332284525,12.968932955842341,74.5758775858151,33.777510114968294,10-Fold,L1_Lasso,20,HP_Tuning,"{'n_estimators': 500, 'min_samples_split': 5, 'min_samples_leaf': 1, 'max_features': 'sqrt', 'max_depth': None}",
GradientBoosting_Huber,0.9907180104466582,0.0015652617220012828,0.7126958563645763,0.26092947477612116,65.41274219153729,27.57404390072735,51.29135625449444,17.034043423797517,77.11359057434184,30.686667912162193,10-Fold,L1_Lasso,20,HP_Tuning,"{'subsample': 0.8, 'n_estimators': 200, 'min_samples_split': 5, 'min_samples_leaf': 5, 'max_depth': 5, 'learning_rate': 0.1, 'alpha': 0.9}",
PoissonRegressor,0.8136257404142724,0.014198745800902414,0.6911351820972187,0.2516959189921553,65.84268620349533,28.064826161206586,49.17031777624118,9.103101732523129,87.20873730472333,53.8396898351453,10-Fold,L1_Lasso,20,HP_Tuning,{'alpha': 10.0},
Bagging_HistGB,0.8870641007707905,0.01362788949254869,0.6634344952806018,0.2912107260677115,67.52674060699823,21.941442918641965,51.57447634101534,10.983523859234914,79.14111057152876,37.20574437121028,10-Fold,L1_Lasso,20,HP_Tuning,"{'max_features': 0.7, 'max_samples': 1.0, 'n_estimators': 5}",
RandomForest,0.9507019832928549,0.003979513935563533,0.7106106085599327,0.22991155790128445,88.40238547129859,36.64700260302613,54.62493646984558,14.411710148234548,76.51289903395633,34.34082358944798,RepeatedKFold_5x10,L1_Lasso,20,HP_Tuning,"{'n_estimators': 300, 'min_samples_split': 2, 'min_samples_leaf': 1, 'max_features': 'sqrt', 'max_depth': 20}",
HistGB_Poisson,0.9827633783210362,0.0023796557424249735,0.66075015627815,0.26873747287231026,53.0635572940258,15.990999079711491,49.190161933409165,14.05312256836669,78.48643709887604,39.630778547473135,RepeatedKFold_5x10,L1_Lasso,20,HP_Tuning,"{'min_samples_leaf': 10, 'max_iter': 800, 'max_depth': 7, 'learning_rate': 0.01, 'l2_regularization': 1.0}",
HistGB_SquaredError,0.9707277305267903,0.017590383530963975,0.6748842120588432,0.26037613270330334,64.81744898895681,21.792212231745033,54.376483583609904,13.989909467215,76.92241451124704,36.62507243029616,RepeatedKFold_5x10,L1_Lasso,20,HP_Tuning,"{'min_samples_leaf': 10, 'max_iter': 300, 'max_depth': 10, 'learning_rate': 0.05, 'l2_regularization': 10.0}",
ExtraTrees,0.9526700165714783,0.004666369617025961,0.7366114628620956,0.21317187385602748,74.2206972446959,29.308132983962906,50.582744352206774,13.622545272443736,74.56517222123856,35.87465842744407,RepeatedKFold_5x10,L1_Lasso,20,HP_Tuning,"{'n_estimators': 800, 'min_samples_split': 5, 'min_samples_leaf': 1, 'max_features': 'sqrt', 'max_depth': 25}",
GradientBoosting_Huber,0.9299321588541669,0.02146397843964482,0.6857234193424308,0.244165004107112,64.42773492147029,21.843342120605474,56.45304855285751,18.20137803281455,77.95366784498341,36.04451244929326,RepeatedKFold_5x10,L1_Lasso,20,HP_Tuning,"{'subsample': 0.8, 'n_estimators': 200, 'min_samples_split': 5, 'min_samples_leaf': 10, 'max_depth': 3, 'learning_rate': 0.05, 'alpha': 0.9}",
PoissonRegressor,0.8140200017172112,0.017160287450892545,0.6844444433200753,0.22715107639799695,66.05114055643006,24.373869951209887,50.1881493427687,12.968709926039654,89.58490985488544,53.31355359744653,RepeatedKFold_5x10,L1_Lasso,20,HP_Tuning,{'alpha': 10.0},
Bagging_HistGB,0.908867351843036,0.00898219154944396,0.6690052363783567,0.2457069330315864,67.001352660872,28.507014693421862,50.579488451490576,14.712756029984206,79.41375014078905,38.20124329937338,RepeatedKFold_5x10,L1_Lasso,20,HP_Tuning,"{'max_features': 0.7, 'max_samples': 1.0, 'n_estimators': 15}",
RandomForest,0.9505488420122495,0.004007354304350059,0.7125591998018047,0.22868602382889572,89.19046086497707,37.405464807963064,54.75676804243543,13.661960791663763,75.85910855989013,34.847832001807824,RepeatedKFold_3x10,L1_Lasso,20,HP_Tuning,"{'n_estimators': 300, 'min_samples_split': 2, 'min_samples_leaf': 1, 'max_features': 'sqrt', 'max_depth': 20}",
HistGB_Poisson,0.9824919693154163,0.0021966807807398143,0.679618890993644,0.26028197870242126,53.984021328384735,16.142694720554754,49.579841696635896,13.695570360126602,77.09102291679001,38.11698617284177,RepeatedKFold_3x10,L1_Lasso,20,HP_Tuning,"{'min_samples_leaf': 10, 'max_iter': 800, 'max_depth': 5, 'learning_rate': 0.01, 'l2_regularization': 0.0}",
HistGB_SquaredError,0.9691719303847405,0.01865986103712932,0.6865508398678397,0.2627040945917742,66.71318805827023,24.550251960390955,55.15830008490775,15.458567218346694,76.1030593407489,37.53887683151882,RepeatedKFold_3x10,L1_Lasso,20,HP_Tuning,"{'min_samples_leaf': 10, 'max_iter': 300, 'max_depth': 10, 'learning_rate': 0.05, 'l2_regularization': 10.0}",
ExtraTrees,0.9526720163836623,0.004822213286104193,0.735954950309527,0.2166563292730945,74.31892449480755,29.40860521334289,50.36303413214557,13.106818917763217,73.88430468473932,37.03119561515264,RepeatedKFold_3x10,L1_Lasso,20,HP_Tuning,"{'n_estimators': 800, 'min_samples_split': 5, 'min_samples_leaf': 1, 'max_features': 'sqrt', 'max_depth': 25}",
GradientBoosting_Huber,0.9707977067786526,0.0063441614499629975,0.7075421972139483,0.22487755680822832,66.50067698973278,27.66219926543644,51.25839439543801,12.561063912308525,75.38152514745967,29.286672347087556,RepeatedKFold_3x10,L1_Lasso,20,HP_Tuning,"{'subsample': 1.0, 'n_estimators': 500, 'min_samples_split': 10, 'min_samples_leaf': 3, 'max_depth': 7, 'learning_rate': 0.01, 'alpha': 0.8}",
PoissonRegressor,0.8138580539493115,0.018033542643143195,0.6842320354454565,0.21499544372141363,65.83390907531727,21.97887989006661,50.05834822844325,11.507654013400586,89.49768001325327,52.7496707447515,RepeatedKFold_3x10,L1_Lasso,20,HP_Tuning,{'alpha': 10.0},
Bagging_HistGB,0.9087642079157606,0.009509186715352579,0.6709452575141135,0.2539216749428045,67.62783927129755,25.723973223971722,50.509807374977086,14.313686026506133,78.39687806801167,38.18973475816181,RepeatedKFold_3x10,L1_Lasso,20,HP_Tuning,"{'max_features': 0.7, 'max_samples': 1.0, 'n_estimators': 15}",
RandomForest,0.9465631923746637,0.0062475662029161955,0.638987621044725,0.2323646445172421,85.03870684034979,38.944473803998996,52.94915499733484,12.147679330247133,83.04702396186492,14.746862101795422,5-Fold,L1_Lasso,25,HP_Tuning,"{'n_estimators': 500, 'min_samples_split': 2, 'min_samples_leaf': 1, 'max_features': 0.5, 'max_depth': 20}",
HistGB_Poisson,0.9636924167108122,0.0061955207497744694,0.6455647766289735,0.1996495733416924,59.11600568013383,17.78520429238994,48.79421048246604,9.162427952970743,80.48600685690292,16.274540077412862,5-Fold,L1_Lasso,25,HP_Tuning,"{'min_samples_leaf': 10, 'max_iter': 500, 'max_depth': 7, 'learning_rate': 0.01, 'l2_regularization': 1.0}",
HistGB_SquaredError,0.976417341882198,0.008628536469485158,0.6334229870158935,0.24150961948138472,66.12685113089236,10.192325692028213,56.25700120025376,10.57370443416225,84.94039566695503,16.0428618380013,5-Fold,L1_Lasso,25,HP_Tuning,"{'min_samples_leaf': 10, 'max_iter': 300, 'max_depth': 10, 'learning_rate': 0.05, 'l2_regularization': 10.0}",
ExtraTrees,0.9572846960336457,0.005882502179657214,0.6377250795325808,0.21942513384576304,76.07075593885506,35.910162716984225,50.60501623970093,12.440304884875161,82.04156388609059,14.046412856564444,5-Fold,L1_Lasso,25,HP_Tuning,"{'n_estimators': 500, 'min_samples_split': 5, 'min_samples_leaf': 1, 'max_features': 'sqrt', 'max_depth': None}",
GradientBoosting_Huber,0.9962929446078006,0.001457481477936923,0.6702788211887889,0.20888219739648511,70.94967813787724,22.424723930172178,49.99439042479448,7.940448158530248,77.50562463366771,9.053197433411604,5-Fold,L1_Lasso,25,HP_Tuning,"{'subsample': 1.0, 'n_estimators': 500, 'min_samples_split': 5, 'min_samples_leaf': 3, 'max_depth': 7, 'learning_rate': 0.1, 'alpha': 0.8}",
PoissonRegressor,0.8328919686581896,0.015393797709380022,0.4966340576820832,0.21497391446295844,68.057617596945,17.247339386272706,49.94952146713787,7.537511660406015,116.19920184728979,51.12828279434118,5-Fold,L1_Lasso,25,HP_Tuning,{'alpha': 10.0},
Bagging_HistGB,0.9031009623195649,0.014559341598198992,0.6165520918919902,0.2586094045672364,66.45825685017827,27.390791254191605,49.55862668915171,9.835044440038141,83.45140751477602,21.401626982633022,5-Fold,L1_Lasso,25,HP_Tuning,"{'max_features': 1.0, 'max_samples': 0.8, 'n_estimators': 15}",
RandomForest,0.9490198489426819,0.003914511289247463,0.719612359575641,0.2208592272056756,89.00594897426126,46.13540023678821,52.98760501915696,13.558663075237977,78.48565233350001,30.640918015697427,10-Fold,L1_Lasso,25,HP_Tuning,"{'n_estimators': 500, 'min_samples_split': 2, 'min_samples_leaf': 1, 'max_features': 0.5, 'max_depth': 20}",
HistGB_Poisson,0.9571266547028182,0.0033719235918454604,0.6620719983658312,0.2472886859585628,63.07998297526391,19.88432541009071,49.67686763129481,10.136298536350159,78.39298055892606,30.495379087242615,10-Fold,L1_Lasso,25,HP_Tuning,"{'min_samples_leaf': 20, 'max_iter': 300, 'max_depth': 10, 'learning_rate': 0.05, 'l2_regularization': 0.0}",
HistGB_SquaredError,0.9998545358297906,6.809261866689495e-05,0.7066469090633419,0.28407432016649814,65.6624468295902,28.937592622319404,52.35561373720573,15.64747425322723,77.03623930106673,36.88164026935828,10-Fold,L1_Lasso,25,HP_Tuning,"{'min_samples_leaf': 10, 'max_iter': 800, 'max_depth': 5, 'learning_rate': 0.1, 'l2_regularization': 1.0}",
ExtraTrees,0.9601510713475438,0.0032540682742605667,0.7389384166368451,0.2297614394141321,76.50604620453242,37.66403583638238,51.2141076585538,13.418573234877611,75.489402660317,34.08163050420544,10-Fold,L1_Lasso,25,HP_Tuning,"{'n_estimators': 800, 'min_samples_split': 5, 'min_samples_leaf': 1, 'max_features': 'sqrt', 'max_depth': 25}",
GradientBoosting_Huber,0.9849571766693064,0.0035476693387000617,0.6762653071288264,0.247876258332077,63.23841475797677,20.421003353106045,48.666965131056756,11.08801527484495,80.39877411970673,28.58855753054037,10-Fold,L1_Lasso,25,HP_Tuning,"{'subsample': 1.0, 'n_estimators': 200, 'min_samples_split': 10, 'min_samples_leaf': 3, 'max_depth': 5, 'learning_rate': 0.1, 'alpha': 0.8}",
PoissonRegressor,0.8212224479619857,0.01634391264534729,0.6621304289153775,0.2836045321503645,68.64847227777514,28.59223257034087,50.352757165586624,9.338614306740979,96.67274685702597,72.01710386444131,10-Fold,L1_Lasso,25,HP_Tuning,{'alpha': 10.0},
Bagging_HistGB,0.9172755051049478,0.0074430324679427284,0.6945816553932915,0.2527440246942087,63.27554432645875,25.8662445511933,47.9039921695162,11.723982820872681,78.13243139010162,33.97917749759527,10-Fold,L1_Lasso,25,HP_Tuning,"{'max_features': 0.7, 'max_samples': 1.0, 'n_estimators': 15}",
RandomForest,0.9501067522207911,0.003778525653296754,0.7002365313146085,0.23211315472924926,88.80141719787385,38.79203911675065,54.78327836106285,14.87158513994782,77.74354999619727,35.74470269499865,RepeatedKFold_5x10,L1_Lasso,25,HP_Tuning,"{'n_estimators': 500, 'min_samples_split': 2, 'min_samples_leaf': 1, 'max_features': 'sqrt', 'max_depth': 20}",
HistGB_Poisson,0.9850203048014007,0.0023376062571185416,0.6526123209549847,0.2783304585398756,53.11700557185745,16.362460564870993,48.625485085019356,13.99302967749683,78.8941393650073,39.56266369031608,RepeatedKFold_5x10,L1_Lasso,25,HP_Tuning,"{'min_samples_leaf': 10, 'max_iter': 800, 'max_depth': 7, 'learning_rate': 0.01, 'l2_regularization': 0.0}",
HistGB_SquaredError,0.9797960809398134,0.009275268913627567,0.6672993503687021,0.26003717536364807,66.37473111150283,23.068120208391566,56.280248516988685,15.789032853754524,78.52186222399013,38.33941607191866,RepeatedKFold_5x10,L1_Lasso,25,HP_Tuning,"{'min_samples_leaf': 10, 'max_iter': 300, 'max_depth': 10, 'learning_rate': 0.05, 'l2_regularization': 10.0}",
ExtraTrees,0.9598394472792616,0.003967674260098668,0.7286382206925336,0.21119926676089387,76.17001845609737,31.270606469338464,51.118041214024,13.551393177709485,74.92712716868434,36.35931690414922,RepeatedKFold_5x10,L1_Lasso,25,HP_Tuning,"{'n_estimators': 800, 'min_samples_split': 5, 'min_samples_leaf': 1, 'max_features': 'sqrt', 'max_depth': None}",
GradientBoosting_Huber,0.9824854954037953,0.005484082141432266,0.6463405351918604,0.25196586702371365,70.90830515345415,26.323476143276284,59.968639849526134,18.093599303767945,80.33660476966372,35.427541978638715,RepeatedKFold_5x10,L1_Lasso,25,HP_Tuning,"{'subsample': 0.8, 'n_estimators': 500, 'min_samples_split': 5, 'min_samples_leaf': 10, 'max_depth': 7, 'learning_rate': 0.1, 'alpha': 0.9}",
PoissonRegressor,0.8212057837651457,0.018938467577266704,0.6543357460503667,0.2518838147595106,68.39788483830108,25.62454115122519,51.33009197126856,13.573270850712985,97.03269641858559,67.55098929622564,RepeatedKFold_5x10,L1_Lasso,25,HP_Tuning,{'alpha': 10.0},
Bagging_HistGB,0.9274604935880028,0.009047600916497058,0.6803839211727754,0.23239735063230896,61.18790008560108,23.387261980335754,49.49060080648184,13.497674905093739,78.25898099892488,36.92785246166823,RepeatedKFold_5x10,L1_Lasso,25,HP_Tuning,"{'max_features': 1.0, 'max_samples': 1.0, 'n_estimators': 10}",
RandomForest,0.950196960246114,0.004177217988488631,0.7070791140433182,0.22335386567001697,90.07660068684923,40.16363754047559,54.79083367512991,14.576384089081106,77.71770397873405,37.26696131993082,RepeatedKFold_3x10,L1_Lasso,25,HP_Tuning,"{'n_estimators': 500, 'min_samples_split': 2, 'min_samples_leaf': 1, 'max_features': 'sqrt', 'max_depth': 20}",
HistGB_Poisson,0.9850878115425469,0.0020473948083767264,0.6767558110056403,0.25955928685475255,53.213086605459516,17.14517563029091,48.426586960219,13.891066917805507,77.01450248832762,39.145837411436666,RepeatedKFold_3x10,L1_Lasso,25,HP_Tuning,"{'min_samples_leaf': 10, 'max_iter': 800, 'max_depth': 7, 'learning_rate': 0.01, 'l2_regularization': 0.0}",
HistGB_SquaredError,0.9795331060710244,0.010756588753858825,0.6861277560083946,0.2537314951507736,68.48923593116089,25.897856606046265,57.50634309723451,17.681028342734972,77.63936656825199,38.79253814083526,RepeatedKFold_3x10,L1_Lasso,25,HP_Tuning,"{'min_samples_leaf': 10, 'max_iter': 300, 'max_depth': 10, 'learning_rate': 0.05, 'l2_regularization': 10.0}",
ExtraTrees,0.959827133826309,0.004106249906450433,0.7322745804319034,0.20896899524684207,76.62227057252458,30.916166376808274,50.99193961537101,13.051678849703261,74.43522862049359,37.36447478666029,RepeatedKFold_3x10,L1_Lasso,25,HP_Tuning,"{'n_estimators': 800, 'min_samples_split': 5, 'min_samples_leaf': 1, 'max_features': 'sqrt', 'max_depth': None}",
GradientBoosting_Huber,0.9285537594527165,0.019947586315663422,0.6668109969312898,0.25038800633239594,70.45897391371297,28.109027686778482,56.970681623078825,17.97966828953111,80.50574444280991,36.88155576690507,RepeatedKFold_3x10,L1_Lasso,25,HP_Tuning,"{'subsample': 0.8, 'n_estimators': 200, 'min_samples_split': 5, 'min_samples_leaf': 10, 'max_depth': 3, 'learning_rate': 0.05, 'alpha': 0.9}",
PoissonRegressor,0.8210717982057376,0.019279737915273494,0.6569090973030066,0.24318055783871179,68.11268158095679,22.770522634197572,51.15763868165074,12.26074765389897,97.08379274728213,67.69177313563902,RepeatedKFold_3x10,L1_Lasso,25,HP_Tuning,{'alpha': 10.0},
Bagging_HistGB,0.9270290991085471,0.009086139407224709,0.6834438145962893,0.2318373102802099,61.45207000533633,23.711373250488034,49.32934846359933,13.763846606088823,78.41283608231514,37.71428731593897,RepeatedKFold_3x10,L1_Lasso,25,HP_Tuning,"{'max_features': 1.0, 'max_samples': 1.0, 'n_estimators': 10}",
RandomForest,0.9471922922273114,0.006386502910382039,0.6542958337293687,0.21566477711009852,82.955731268137,37.553024202279985,52.402640178865454,11.153148461479976,81.6339764634477,9.996481304304668,5-Fold,L1_Lasso,30,HP_Tuning,"{'n_estimators': 500, 'min_samples_split': 2, 'min_samples_leaf': 1, 'max_features': 0.5, 'max_depth': 20}",
HistGB_Poisson,0.9636924167108122,0.0061955207497744694,0.6455647766289735,0.1996495733416924,59.11600568013383,17.78520429238994,48.79421048246604,9.162427952970743,80.48600685690292,16.274540077412862,5-Fold,L1_Lasso,30,HP_Tuning,"{'min_samples_leaf': 10, 'max_iter': 500, 'max_depth': 7, 'learning_rate': 0.01, 'l2_regularization': 1.0}",
HistGB_SquaredError,0.976417341882198,0.008628536469485158,0.6334229870158935,0.24150961948138472,66.12685113089236,10.192325692028213,56.25700120025376,10.57370443416225,84.94039566695503,16.0428618380013,5-Fold,L1_Lasso,30,HP_Tuning,"{'min_samples_leaf': 10, 'max_iter': 300, 'max_depth': 10, 'learning_rate': 0.05, 'l2_regularization': 10.0}",
ExtraTrees,0.9578899776724746,0.005217241684791911,0.6364645374154959,0.2281896268950539,76.69654879153616,36.88791442151985,51.13738258797076,12.531578006089154,81.70020142981261,13.940193097674111,5-Fold,L1_Lasso,30,HP_Tuning,"{'n_estimators': 800, 'min_samples_split': 5, 'min_samples_leaf': 1, 'max_features': 'sqrt', 'max_depth': 25}",
GradientBoosting_Huber,0.9706542121458067,0.007811628343667878,0.6242079066076316,0.2550855085953863,76.33061724891293,23.904358010381628,53.725496387250224,10.907053335303633,80.92303007700124,15.621669825306757,5-Fold,L1_Lasso,30,HP_Tuning,"{'subsample': 0.8, 'n_estimators': 500, 'min_samples_split': 5, 'min_samples_leaf': 5, 'max_depth': 3, 'learning_rate': 0.1, 'alpha': 0.8}",
PoissonRegressor,0.8374980945808568,0.014753972215056936,0.5054413363685872,0.21625415864966546,67.60791048932637,17.70450211297519,50.02754613520176,7.042614801212343,114.63667555956417,49.93956828234386,5-Fold,L1_Lasso,30,HP_Tuning,{'alpha': 10.0},
Bagging_HistGB,0.9031009623195649,0.014559341598198992,0.6165520918919902,0.2586094045672364,66.45825685017827,27.390791254191605,49.55862668915171,9.835044440038141,83.45140751477602,21.401626982633022,5-Fold,L1_Lasso,30,HP_Tuning,"{'max_features': 1.0, 'max_samples': 0.8, 'n_estimators': 15}",
RandomForest,0.9492515958975221,0.004017222845690472,0.7244055008134284,0.22739272914547495,82.53825218203025,42.04556103262226,52.116981938491186,12.857570931277385,76.65311945649935,30.260794110781593,10-Fold,L1_Lasso,30,HP_Tuning,"{'n_estimators': 300, 'min_samples_split': 2, 'min_samples_leaf': 1, 'max_features': 0.5, 'max_depth': 30}",
HistGB_Poisson,0.9571266547028182,0.0033719235918454604,0.6620719983658312,0.2472886859585628,63.07998297526391,19.88432541009071,49.67686763129481,10.136298536350159,78.39298055892606,30.495379087242615,10-Fold,L1_Lasso,30,HP_Tuning,"{'min_samples_leaf': 20, 'max_iter': 300, 'max_depth': 10, 'learning_rate': 0.05, 'l2_regularization': 0.0}",
HistGB_SquaredError,0.999856960870446,7.470973917758343e-05,0.7015901087431973,0.2904943248697429,65.59159859781371,29.472877552852445,52.2314111802153,16.200464083267356,77.30772550633445,37.26837570732499,10-Fold,L1_Lasso,30,HP_Tuning,"{'min_samples_leaf': 10, 'max_iter': 800, 'max_depth': 5, 'learning_rate': 0.1, 'l2_regularization': 1.0}",
ExtraTrees,0.9601065827605018,0.0031720913583197672,0.7372693310648625,0.22863706072950582,76.56039002145006,38.48007184156497,51.328656796359084,13.846789327627652,75.821899209282,33.93908998461894,10-Fold,L1_Lasso,30,HP_Tuning,"{'n_estimators': 500, 'min_samples_split': 5, 'min_samples_leaf': 1, 'max_features': 'sqrt', 'max_depth': 15}",
GradientBoosting_Huber,0.9974876873652947,0.002173416522798197,0.723264970193597,0.16750320589619044,67.31851381886693,28.747398316850862,49.297314437981946,10.563383175669811,78.71658875740299,34.38503778915843,10-Fold,L1_Lasso,30,HP_Tuning,"{'subsample': 1.0, 'n_estimators': 500, 'min_samples_split': 5, 'min_samples_leaf': 3, 'max_depth': 7, 'learning_rate': 0.1, 'alpha': 0.8}",
PoissonRegressor,0.8260672578382895,0.015551807080056474,0.6638678087055168,0.27760518501835085,67.92179057203649,27.734879122175883,50.056844890262745,8.573222958034608,94.66105133280067,70.77964537356789,10-Fold,L1_Lasso,30,HP_Tuning,{'alpha': 10.0},
Bagging_HistGB,0.9252280119981504,0.006899900208348856,0.6850949574249504,0.25860788349706787,58.75743985660476,19.958650555660263,48.55531364650178,12.270676878919206,78.33302196647233,34.28383975877887,10-Fold,L1_Lasso,30,HP_Tuning,"{'max_features': 1.0, 'max_samples': 1.0, 'n_estimators': 10}",
RandomForest,0.9508021204041266,0.0038329488718375766,0.705441431171907,0.2313576233469012,84.81496569452305,37.577371154300934,53.87611171393125,14.328854095739484,76.77944784622902,34.78572567585196,RepeatedKFold_5x10,L1_Lasso,30,HP_Tuning,"{'n_estimators': 300, 'min_samples_split': 2, 'min_samples_leaf': 1, 'max_features': 'sqrt', 'max_depth': 20}",
HistGB_Poisson,0.9850971422634938,0.002295222547317144,0.6517739690547962,0.27863483054088156,53.04193151948439,16.373142798566303,48.59912156504405,14.029233235129052,78.99958599374757,39.69184992577568,RepeatedKFold_5x10,L1_Lasso,30,HP_Tuning,"{'min_samples_leaf': 10, 'max_iter': 800, 'max_depth': 7, 'learning_rate': 0.01, 'l2_regularization': 0.0}",
HistGB_SquaredError,0.9954320318859915,0.0019122482194784778,0.6684152656443878,0.2622267949566587,68.18183367152325,23.96534208587211,59.09450555937631,16.158254181017888,78.44505740005499,38.053470131061694,RepeatedKFold_5x10,L1_Lasso,30,HP_Tuning,"{'min_samples_leaf': 10, 'max_iter': 300, 'max_depth': 5, 'learning_rate': 0.1, 'l2_regularization': 10.0}",
ExtraTrees,0.9596014773284283,0.003838944931748574,0.7271974916762435,0.2124588019933707,77.22655596747487,33.07850969089329,51.5158631531101,13.92549524225878,75.35059489630258,36.484226725212075,RepeatedKFold_5x10,L1_Lasso,30,HP_Tuning,"{'n_estimators': 500, 'min_samples_split': 5, 'min_samples_leaf': 1, 'max_features': 'sqrt', 'max_depth': 15}",
GradientBoosting_Huber,0.9793586097803909,0.006343890911879956,0.6565417099286784,0.2520858465949276,72.53376690573923,27.35045286291919,61.66391954792772,18.84845617502191,79.5051812463676,35.01336851140776,RepeatedKFold_5x10,L1_Lasso,30,HP_Tuning,"{'subsample': 0.8, 'n_estimators': 500, 'min_samples_split': 10, 'min_samples_leaf': 10, 'max_depth': 3, 'learning_rate': 0.1, 'alpha': 0.9}",
PoissonRegressor,0.8261139709637778,0.018214619276300557,0.6595608118376804,0.2487301484216905,67.73526229739142,25.37979484424005,51.044875556818354,13.312947095413955,95.72644010754026,66.3399951463626,RepeatedKFold_5x10,L1_Lasso,30,HP_Tuning,{'alpha': 10.0},
Bagging_HistGB,0.9043793359046475,0.0098530701112634,0.6808302246138872,0.25260660906490995,62.57212063699469,26.417528418588176,48.51698273326707,14.451041371536823,77.78210080164521,36.75970402571003,RepeatedKFold_5x10,L1_Lasso,30,HP_Tuning,"{'max_features': 0.8, 'max_samples': 0.8, 'n_estimators': 15}",
RandomForest,0.9509731909628303,0.004020921349581912,0.7126098604459403,0.2288466525360955,84.75170155649171,37.53682256520523,53.76267473115094,13.674418637838672,76.22152881761828,36.11292407097979,RepeatedKFold_3x10,L1_Lasso,30,HP_Tuning,"{'n_estimators': 300, 'min_samples_split': 2, 'min_samples_leaf': 1, 'max_features': 'sqrt', 'max_depth': 20}",
HistGB_Poisson,0.9851689467138597,0.002048269653992975,0.6755881835492911,0.260522527463652,53.225690125131266,17.2036301670538,48.4426405986361,13.958404547194105,77.1428673110835,39.30818116737322,RepeatedKFold_3x10,L1_Lasso,30,HP_Tuning,"{'min_samples_leaf': 10, 'max_iter': 800, 'max_depth': 7, 'learning_rate': 0.01, 'l2_regularization': 0.0}",
HistGB_SquaredError,0.9784129670589581,0.012164804124641874,0.6859622618433523,0.2539248129906799,68.69046542549509,26.44607509578504,57.58086557081217,17.816363682827518,77.65264953160566,38.844342441550566,RepeatedKFold_3x10,L1_Lasso,30,HP_Tuning,"{'min_samples_leaf': 10, 'max_iter': 300, 'max_depth': 10, 'learning_rate': 0.05, 'l2_regularization': 10.0}",
ExtraTrees,0.9596106403964473,0.0038268318196575933,0.7327863938467458,0.2095084103701111,76.63861153151608,31.459885681644927,51.12962642646064,13.526124226588667,74.54667665665686,37.52500098238308,RepeatedKFold_3x10,L1_Lasso,30,HP_Tuning,"{'n_estimators': 500, 'min_samples_split': 5, 'min_samples_leaf': 1, 'max_features': 'sqrt', 'max_depth': 15}",
GradientBoosting_Huber,0.9792753034791917,0.006645519182233434,0.674680844125214,0.24001330552450398,72.88037470995545,32.10868556515081,59.50617722768104,18.224712195030122,79.13124277725902,35.568765634418256,RepeatedKFold_3x10,L1_Lasso,30,HP_Tuning,"{'subsample': 0.8, 'n_estimators': 500, 'min_samples_split': 10, 'min_samples_leaf': 10, 'max_depth': 3, 'learning_rate': 0.1, 'alpha': 0.9}",
PoissonRegressor,0.8260174974580131,0.018428793844526687,0.6612775596060713,0.23839910239170914,67.43978875876608,22.652402788426325,50.87755186814243,12.069326426015866,95.64108892235234,66.61721998731129,RepeatedKFold_3x10,L1_Lasso,30,HP_Tuning,{'alpha': 10.0},
Bagging_HistGB,0.9040530027256897,0.010056628925052614,0.6695867251848917,0.2664516800919805,63.85415737687718,23.799557914909588,49.13971386909695,13.91776096707788,78.17583623244228,36.90923068458565,RepeatedKFold_3x10,L1_Lasso,30,HP_Tuning,"{'max_features': 0.8, 'max_samples': 0.8, 'n_estimators': 15}",
RandomForest,0.9411573445362192,0.00984475739838783,0.6130816924453468,0.24161466206719293,89.18115920579896,37.623301071192145,54.55618721531133,8.972633103110253,84.24809023933963,15.330920240532842,5-Fold,Random_Forest,30,HP_Tuning,"{'n_estimators': 500, 'min_samples_split': 2, 'min_samples_leaf': 1, 'max_features': 0.5, 'max_depth': 20}",
HistGB_Poisson,0.9808973703210363,0.0047150666366600905,0.6330263349875441,0.20240087631873874,63.03015498527678,27.311981024925473,50.56036312750739,9.173218295458197,81.99541578666125,15.500667790805624,5-Fold,Random_Forest,30,HP_Tuning,"{'min_samples_leaf': 10, 'max_iter': 800, 'max_depth': 7, 'learning_rate': 0.01, 'l2_regularization': 0.0}",
HistGB_SquaredError,0.9350611438383212,0.011723584921885103,0.610029218190544,0.23452059901907274,74.23451853227098,23.53647704236336,51.25411681169605,9.7743009296415,86.23628806912595,10.423865367617156,5-Fold,Random_Forest,30,HP_Tuning,"{'min_samples_leaf': 10, 'max_iter': 800, 'max_depth': 10, 'learning_rate': 0.01, 'l2_regularization': 10.0}",
ExtraTrees,0.8242886812807271,0.02132286140520567,0.6229365761134806,0.24169336292706464,91.70975315610414,44.622652894411615,55.28966869961882,11.787291047245402,83.8132081542707,16.729923206599324,5-Fold,Random_Forest,30,HP_Tuning,"{'n_estimators': 300, 'min_samples_split': 5, 'min_samples_leaf': 3, 'max_features': 'sqrt', 'max_depth': 25}",
GradientBoosting_Huber,0.967043360259772,0.004395435378327611,0.6182628436935285,0.21946343963907636,66.49264072457638,22.56552278291757,50.773820854246544,8.372777975870516,82.18690425599826,16.2185110132583,5-Fold,Random_Forest,30,HP_Tuning,"{'subsample': 0.8, 'n_estimators': 200, 'min_samples_split': 10, 'min_samples_leaf': 5, 'max_depth': 5, 'learning_rate': 0.1, 'alpha': 0.8}",
PoissonRegressor,0.7834352877656648,0.029988118842865393,0.5048530244720795,0.21944205866029215,80.45384314028107,21.286079393048567,54.69753582505896,8.011467933471186,106.23234054119902,26.240933051021827,5-Fold,Random_Forest,30,HP_Tuning,{'alpha': 10.0},
Bagging_HistGB,0.899993250911467,0.015599481863369779,0.6241531061107007,0.22768516507716924,72.86269869153311,28.457602865871916,51.81189563115309,8.755606318398899,82.81960489440726,18.612897947462653,5-Fold,Random_Forest,30,HP_Tuning,"{'max_features': 0.7, 'max_samples': 1.0, 'n_estimators': 5}",
RandomForest,0.9283989953408274,0.005296255100220737,0.7040797642035014,0.2655639284888859,89.9998008652885,53.95384617672156,54.35172653840026,12.524969746455156,78.76399316181339,33.494308343494936,10-Fold,Random_Forest,30,HP_Tuning,"{'n_estimators': 500, 'min_samples_split': 5, 'min_samples_leaf': 1, 'max_features': 0.5, 'max_depth': 20}",
HistGB_Poisson,0.9838693877746076,0.0028429533832580603,0.7132681135208218,0.17880328885117283,65.81747646543207,26.12309637333099,52.39279756352678,10.985210133422592,77.13384156513796,32.98263020052672,10-Fold,Random_Forest,30,HP_Tuning,"{'min_samples_leaf': 20, 'max_iter': 800, 'max_depth': 5, 'learning_rate': 0.05, 'l2_regularization': 1.0}",
HistGB_SquaredError,0.9903219699590536,0.0025501965723460467,0.6721351895034203,0.21096917569425908,74.3176334319901,51.49540480596326,54.39027943624645,17.233438473536605,83.44893524674052,41.20101887430773,10-Fold,Random_Forest,30,HP_Tuning,"{'min_samples_leaf': 10, 'max_iter': 300, 'max_depth': 10, 'learning_rate': 0.05, 'l2_regularization': 1.0}",
ExtraTrees,0.9567292722748594,0.00430913062640041,0.7092256957989751,0.2512605649878195,87.17140232303043,56.3906525155355,54.34511893568448,12.504317730442896,79.28087132496633,35.02996217596847,10-Fold,Random_Forest,30,HP_Tuning,"{'n_estimators': 800, 'min_samples_split': 5, 'min_samples_leaf': 1, 'max_features': 'sqrt', 'max_depth': 25}",
GradientBoosting_Huber,0.981805200761448,0.002921345101616911,0.6731545770067991,0.22032737059409724,83.23202689473128,62.95424818957339,50.734409531779974,12.318175434329872,80.76107146010058,31.0373162881434,10-Fold,Random_Forest,30,HP_Tuning,"{'subsample': 0.8, 'n_estimators': 500, 'min_samples_split': 10, 'min_samples_leaf': 3, 'max_depth': 7, 'learning_rate': 0.05, 'alpha': 0.8}",
PoissonRegressor,0.7738868816961155,0.01982950336758446,0.6464696216825422,0.24749851911419707,79.19232305280617,28.98926997696315,55.329359707357945,8.921686943967096,93.41131017006732,46.52654275473201,10-Fold,Random_Forest,30,HP_Tuning,{'alpha': 10.0},
Bagging_HistGB,0.9040579047144272,0.011641900245835838,0.7073593949764364,0.24594268971993435,64.90344828732798,30.386915587218336,49.03777249535854,11.951296000725765,76.96622386174752,28.246803537953735,10-Fold,Random_Forest,30,HP_Tuning,"{'max_features': 0.7, 'max_samples': 1.0, 'n_estimators': 5}",
RandomForest,0.9167568530756582,0.00757514216279264,0.6839264378388823,0.24170869522946,95.02233203397658,49.03912146182633,55.75245396031259,15.661674167790322,78.91919392365632,36.63955735863865,RepeatedKFold_5x10,Random_Forest,30,HP_Tuning,"{'n_estimators': 300, 'min_samples_split': 5, 'min_samples_leaf': 1, 'max_features': 'sqrt', 'max_depth': 30}",
HistGB_Poisson,0.966084282303568,0.004086456711509604,0.6934827224679013,0.23471977859539014,65.00338839698426,31.780688174512086,50.56704357797525,13.18910828375501,74.65749134087902,37.998699314640405,RepeatedKFold_5x10,Random_Forest,30,HP_Tuning,"{'min_samples_leaf': 10, 'max_iter': 500, 'max_depth': 7, 'learning_rate': 0.01, 'l2_regularization': 1.0}",
HistGB_SquaredError,0.9468890441547522,0.011056109354090187,0.6694043856741788,0.235770052766319,76.37459517528693,41.36460558334142,53.01665928764981,14.037343474555131,82.32883391436562,35.84062880505825,RepeatedKFold_5x10,Random_Forest,30,HP_Tuning,"{'min_samples_leaf': 10, 'max_iter': 800, 'max_depth': 10, 'learning_rate': 0.01, 'l2_regularization': 10.0}",
ExtraTrees,0.9553943498221606,0.004726178388930372,0.6828206110958402,0.24808378300989858,88.25865509174433,49.46264618351107,54.82237390289327,14.895349770546426,79.7121601733327,36.41496169706133,RepeatedKFold_5x10,Random_Forest,30,HP_Tuning,"{'n_estimators': 500, 'min_samples_split': 5, 'min_samples_leaf': 1, 'max_features': 'sqrt', 'max_depth': 15}",
GradientBoosting_Huber,0.9803911183987398,0.005687158474825868,0.6861168761801317,0.2244363966674792,74.20704339665714,36.197768394006154,57.01378796591561,13.553229880912863,78.11161062075554,33.99071393208903,RepeatedKFold_5x10,Random_Forest,30,HP_Tuning,"{'subsample': 0.8, 'n_estimators': 500, 'min_samples_split': 10, 'min_samples_leaf': 10, 'max_depth': 3, 'learning_rate': 0.1, 'alpha': 0.9}",
PoissonRegressor,0.7746726828793156,0.02229965547447366,0.6067069653802301,0.2809641798753185,79.88586120440048,26.56654456614446,56.14629296986399,14.091011262157705,93.69802503868546,55.0942972117503,RepeatedKFold_5x10,Random_Forest,30,HP_Tuning,{'alpha': 10.0},
Bagging_HistGB,0.9197741402561571,0.00913554889099907,0.7026183206706136,0.24142204143364285,64.90451978366977,26.538629643604764,49.9763598260964,13.335685557900561,76.53250639927255,34.81033286652837,RepeatedKFold_5x10,Random_Forest,30,HP_Tuning,"{'max_features': 0.8, 'max_samples': 1.0, 'n_estimators': 15}",
RandomForest,0.9279270353203959,0.006074937976009233,0.685806061351639,0.24245716458290775,91.60441272697115,45.91921872477933,55.37778429450608,13.911119056870021,79.00333048914727,36.62148364840235,RepeatedKFold_3x10,Random_Forest,30,HP_Tuning,"{'n_estimators': 500, 'min_samples_split': 5, 'min_samples_leaf': 1, 'max_features': 0.5, 'max_depth': 20}",
HistGB_Poisson,0.9661005085167887,0.004450534775170649,0.6947831088166228,0.22872219163661392,66.34881224037801,34.18505347591225,50.66749130503295,12.924886053266135,73.7215796659707,39.82601456537242,RepeatedKFold_3x10,Random_Forest,30,HP_Tuning,"{'min_samples_leaf': 10, 'max_iter': 500, 'max_depth': 7, 'learning_rate': 0.01, 'l2_regularization': 1.0}",
HistGB_SquaredError,0.9459281381710051,0.011850219969635964,0.6739504645726572,0.23991898989608204,79.96713024063995,46.45739319947853,53.48359322585027,13.774935198078607,81.48021776036836,37.49025462179323,RepeatedKFold_3x10,Random_Forest,30,HP_Tuning,"{'min_samples_leaf': 10, 'max_iter': 800, 'max_depth': 10, 'learning_rate': 0.01, 'l2_regularization': 10.0}",
ExtraTrees,0.9553118669937196,0.004969912955924016,0.6836734853900872,0.24562302592216412,89.1028280011018,47.96815817494439,55.00209948782659,13.435852243654477,79.64412621601,36.796476705472855,RepeatedKFold_3x10,Random_Forest,30,HP_Tuning,"{'n_estimators': 500, 'min_samples_split': 5, 'min_samples_leaf': 1, 'max_features': 'sqrt', 'max_depth': 15}",
GradientBoosting_Huber,0.9546959700051726,0.008064329677031832,0.6825073292292061,0.2191220213928057,83.34157663546961,49.81109577124843,54.1365708153155,12.87501780485076,79.05673054744744,34.835081200479976,RepeatedKFold_3x10,Random_Forest,30,HP_Tuning,"{'subsample': 0.8, 'n_estimators': 500, 'min_samples_split': 10, 'min_samples_leaf': 3, 'max_depth': 5, 'learning_rate': 0.01, 'alpha': 0.8}",
PoissonRegressor,0.7746760585981926,0.02121361120346969,0.6020766175793656,0.27359773359536554,81.12875514724917,23.24078589674437,56.29315174238524,11.924068162655647,95.37843913603226,52.4921792844652,RepeatedKFold_3x10,Random_Forest,30,HP_Tuning,{'alpha': 10.0},
Bagging_HistGB,0.9158578468615246,0.010030584435339227,0.6985798003921582,0.24274110016999167,65.12126439979188,24.563118507219855,50.70866747097276,12.87633404366986,76.3709226618166,35.599897765214514,RepeatedKFold_3x10,Random_Forest,30,HP_Tuning,"{'max_features': 0.8, 'max_samples': 1.0, 'n_estimators': 10}",
RandomForest,,,,,55.133146963612965,18.055923656478583,51.3709796247292,12.008213851070476,81.81233830307568,38.2202547977067,10-Fold,L1_Lasso,20,Log_Transform,,log1p
HistGB_Poisson,,,,,59.41251892215938,17.630007497299268,55.28570988340211,14.291712544097575,106.76318673907197,41.95709821979283,10-Fold,L1_Lasso,20,Log_Transform,,log1p
HistGB_SquaredError,,,,,59.525223751756,15.01115973289446,53.953682315995266,12.276306949681326,94.38537813042552,36.445973954685144,10-Fold,L1_Lasso,20,Log_Transform,,log1p
ExtraTrees,,,,,64.81605594017984,31.91645575005197,50.583838544955704,11.785311502895457,77.23552256982035,30.836466986650112,10-Fold,L1_Lasso,20,Log_Transform,,log1p
Stack_RF+HistGB+ExtraTrees,0.9570931020759526,0.03393685412416084,0.7370624418131972,0.23073254872686538,61.70398240239833,22.011669497158202,48.97085789020743,11.728151650896281,76.1291330877099,32.87748259564327,10-Fold,L1_Lasso,20,Stacking,,
Stack_RF+HistGB_Poisson+HistGB_SE,0.9571190323830537,0.023193565906451965,0.7226446206400344,0.2538575369450315,68.07261490342768,30.220682125185693,49.43002077112642,12.543042895110617,79.67404824801886,35.55903260007298,10-Fold,L1_Lasso,20,Stacking,,
