id,feature_selection,n_features,model,RMSE_mean,RMSE_std,MAPE_mean,MAPE_std,SMAPE_mean,SMAPE_std,R2_train_mean,Corr_R2_val_mean,cv_strategy
L1_Lasso_10_RandomForest_default,L1_Lasso,10,RandomForest_default,90.12777683851864,17.577572987536666,78.41662668283922,26.584495483140437,52.70193064536223,10.689889735065314,0.946504855045624,0.6173059067698852,5-Fold
L1_Lasso_10_RandomForest_tuned,L1_Lasso,10,RandomForest_tuned,86.3318085480015,7.902662427556067,79.0974917618685,25.598446670650425,53.83917696919015,10.608763340130531,0.9022499490996305,0.6242381258701557,5-Fold
L1_Lasso_10_HistGB_Poisson_default,L1_Lasso,10,HistGB_Poisson_default,86.34140191104231,14.683744754333299,63.97423876238977,17.4501427150758,52.25124958145415,8.7983612107818,0.9353594976069666,0.5936234822368567,5-Fold
L1_Lasso_10_HistGB_Poisson_tuned_v1,L1_Lasso,10,HistGB_Poisson_tuned_v1,84.77950670038962,25.064601289255645,56.239299959786294,20.690174612548926,49.720779081581824,11.101441519992605,0.9945195804526911,0.5864326866378848,5-Fold
L1_Lasso_10_HistGB_Poisson_tuned_v2,L1_Lasso,10,HistGB_Poisson_tuned_v2,86.34140191104231,14.683744754333299,63.97423876238977,17.4501427150758,52.25124958145415,8.7983612107818,0.9353594976069666,0.5936234822368567,5-Fold
L1_Lasso_10_HistGB_SquaredError,L1_Lasso,10,HistGB_SquaredError,90.63933883324354,25.004164325169402,85.84539125081136,23.804694403960475,69.50981650708756,10.420918876531337,0.9887567251665732,0.5860223940756486,5-Fold
L1_Lasso_10_ExtraTrees,L1_Lasso,10,ExtraTrees,88.36987248904042,12.365192436539136,70.65021307527788,25.680079298294192,50.76056641192613,10.275118361118313,0.999952447635542,0.6261776271563843,5-Fold
L1_Lasso_10_GradientBoosting_Huber,L1_Lasso,10,GradientBoosting_Huber,91.74452341248377,19.6646059181268,75.66974570333278,25.12144135398494,64.86422910806672,11.837089050749794,0.9886752488893755,0.5888826343366266,5-Fold
L1_Lasso_10_PoissonRegressor,L1_Lasso,10,PoissonRegressor,123.62592402352705,39.9109554836837,67.23688054737565,13.046365719391897,50.45991847237942,8.61353060519618,0.7585584001801358,0.48740969150555796,5-Fold
L1_Lasso_10_Bagging_HistGB,L1_Lasso,10,Bagging_HistGB,90.8022183331154,15.653604947205544,73.4219481906525,20.169699634458848,52.433989423878565,9.125936315286623,0.844223757819629,0.569667306434943,5-Fold
L1_Lasso_10_Stack_RF+HistGB+ET,L1_Lasso,10,Stack_RF+HistGB+ET,87.85137181723778,15.895125715920319,68.94413250454251,22.911162624480426,50.33783431131695,10.516438522591598,0.9666511044909439,0.6096092891968443,5-Fold
L1_Lasso_15_RandomForest_default,L1_Lasso,15,RandomForest_default,86.17312216520278,17.6206960260013,84.90357698343244,31.73874589429977,53.406791227049624,11.40190237604782,0.9417647799800181,0.61993174230674,5-Fold
L1_Lasso_15_RandomForest_tuned,L1_Lasso,15,RandomForest_tuned,83.67733515485747,15.889250206285771,87.69650280049336,34.61186289261182,54.66200237965161,12.565374002687046,0.9096348284654571,0.630441986738213,5-Fold
L1_Lasso_15_HistGB_Poisson_default,L1_Lasso,15,HistGB_Poisson_default,87.13132975037914,18.767605769814978,63.63852240338472,12.30810123730259,51.90630181728807,9.03054490298305,0.9692426436037014,0.6100768839062248,5-Fold
L1_Lasso_15_HistGB_Poisson_tuned_v1,L1_Lasso,15,HistGB_Poisson_tuned_v1,80.49571508092497,24.32951026825288,53.86774930454957,14.610428585950308,48.617274027488456,6.705238002250092,0.9967574527995688,0.6212348601013564,5-Fold
L1_Lasso_15_HistGB_Poisson_tuned_v2,L1_Lasso,15,HistGB_Poisson_tuned_v2,87.13132975037914,18.767605769814978,63.63852240338472,12.30810123730259,51.90630181728807,9.03054490298305,0.9692426436037014,0.6100768839062248,5-Fold
L1_Lasso_15_HistGB_SquaredError,L1_Lasso,15,HistGB_SquaredError,84.92556454210596,17.766787857806197,80.30921061595006,30.1743712599179,65.09592769461999,15.207836449619203,0.9957820372643271,0.6306069862225059,5-Fold
L1_Lasso_15_ExtraTrees,L1_Lasso,15,ExtraTrees,86.34692808625054,11.407946689219175,71.89395227687662,26.06605100530637,49.856671076920605,9.753580675970806,0.9999524476393112,0.6327242010920432,5-Fold
L1_Lasso_15_GradientBoosting_Huber,L1_Lasso,15,GradientBoosting_Huber,84.27395040207048,20.795163645717405,70.15618638355002,22.930297771304204,55.63351644198242,14.728745265440836,0.9898442992818784,0.5948291915855342,5-Fold
L1_Lasso_15_PoissonRegressor,L1_Lasso,15,PoissonRegressor,96.89262821674636,22.04992001578905,55.51061489137415,15.610157713261481,45.5451737841086,7.079223679715356,0.8348706305434621,0.5921075063905221,5-Fold
L1_Lasso_15_Bagging_HistGB,L1_Lasso,15,Bagging_HistGB,89.14880116818489,18.906987024730032,67.47077426337192,16.486162925819098,51.01374705023592,6.847766425823222,0.8787208783843525,0.5880676394271631,5-Fold
L1_Lasso_15_Stack_RF+HistGB+ET,L1_Lasso,15,Stack_RF+HistGB+ET,84.38823393889308,12.932225521465686,71.32605573789775,22.612826398306435,51.37521936904411,9.654073829646213,0.9715322054876883,0.6378916749717176,5-Fold
L1_Lasso_20_RandomForest_default,L1_Lasso,20,RandomForest_default,83.56015767403292,14.524594215611769,82.71653497519922,33.74584769936043,52.689370828921916,9.990787185781878,0.9431469401738916,0.6409295169193403,5-Fold
L1_Lasso_20_RandomForest_tuned,L1_Lasso,20,RandomForest_tuned,80.81472311408747,14.535990056532949,80.7899338164689,34.010549027150475,52.25899237333016,11.246002360569184,0.916119627761448,0.6567681800931258,5-Fold
L1_Lasso_20_HistGB_Poisson_default,L1_Lasso,20,HistGB_Poisson_default,85.09019334915692,16.694374264707196,55.516314195704396,11.810013641326899,47.80648604238603,9.137667051238008,0.97326586915522,0.6193939073369328,5-Fold
L1_Lasso_20_HistGB_Poisson_tuned_v1,L1_Lasso,20,HistGB_Poisson_tuned_v1,79.79364751329926,20.75409769885931,48.563756844109335,11.628464079166475,47.83845889404733,8.602819150969395,0.997015198227813,0.6410792644206199,5-Fold
L1_Lasso_20_HistGB_Poisson_tuned_v2,L1_Lasso,20,HistGB_Poisson_tuned_v2,85.09019334915692,16.694374264707196,55.516314195704396,11.810013641326899,47.80648604238603,9.137667051238008,0.97326586915522,0.6193939073369328,5-Fold
L1_Lasso_20_HistGB_SquaredError,L1_Lasso,20,HistGB_SquaredError,86.42890316168581,14.218337521985198,76.20895679129936,15.910919144128751,64.09206184841162,9.759793491455207,0.9970913100052812,0.6342345512260932,5-Fold
L1_Lasso_20_ExtraTrees,L1_Lasso,20,ExtraTrees,88.65431583468003,16.111405240270958,76.57170376515208,34.71197826779924,51.19903322761824,10.800787622061442,0.9999524480656856,0.600912677642078,5-Fold
L1_Lasso_20_GradientBoosting_Huber,L1_Lasso,20,GradientBoosting_Huber,79.69662069213935,15.101110026972037,63.62151693877703,25.997604418836687,49.453196572905554,15.33515475203208,0.989406295097447,0.6397819643113525,5-Fold
L1_Lasso_20_PoissonRegressor,L1_Lasso,20,PoissonRegressor,130.264101635548,45.822446014894226,63.1165425499507,13.912905193182622,49.392744089860635,5.22663709456067,0.8470058894063188,0.47743075234923527,5-Fold
L1_Lasso_20_Bagging_HistGB,L1_Lasso,20,Bagging_HistGB,87.83109645013832,19.104430884816864,62.678537389313405,11.965791580497788,50.63252833922249,7.34056863642483,0.8849448402274518,0.5913424315112091,5-Fold
L1_Lasso_20_Stack_RF+HistGB+ET,L1_Lasso,20,Stack_RF+HistGB+ET,82.60978580173047,14.121478589723718,63.11624303497697,20.24094220590225,47.87447866254665,10.84000887304055,0.963923867478188,0.6524152483491216,5-Fold
L1_Lasso_25_RandomForest_default,L1_Lasso,25,RandomForest_default,85.91374515892382,12.627322777079874,86.39438609993336,39.98167266260266,52.493401044975016,11.471082615283981,0.9425784889070921,0.6240230360696573,5-Fold
L1_Lasso_25_RandomForest_tuned,L1_Lasso,25,RandomForest_tuned,84.15379531376581,14.30598105243591,85.78010561616097,37.582111754608164,53.86388052261435,11.127116309603068,0.9148973797103184,0.6353521531650885,5-Fold
L1_Lasso_25_HistGB_Poisson_default,L1_Lasso,25,HistGB_Poisson_default,87.45669404622325,15.793469157571526,60.2220333230803,17.739188257329,49.22735451162996,8.810900947675748,0.9790680710142056,0.6043715270622781,5-Fold
L1_Lasso_25_HistGB_Poisson_tuned_v1,L1_Lasso,25,HistGB_Poisson_tuned_v1,84.017647798246,16.489862082467003,51.483686752980724,12.842472885582806,48.48888440291857,7.394028250691701,0.9974374418273337,0.6182378974141639,5-Fold
L1_Lasso_25_HistGB_Poisson_tuned_v2,L1_Lasso,25,HistGB_Poisson_tuned_v2,87.45669404622325,15.793469157571526,60.2220333230803,17.739188257329,49.22735451162996,8.810900947675748,0.9790680710142056,0.6043715270622781,5-Fold
L1_Lasso_25_HistGB_SquaredError,L1_Lasso,25,HistGB_SquaredError,87.72557524871561,15.310435999193762,72.27178901871369,17.73312795629085,63.67852260354316,14.4235753569744,0.9975363054808192,0.629480955675132,5-Fold
L1_Lasso_25_ExtraTrees,L1_Lasso,25,ExtraTrees,88.09081810494956,14.26479828998728,79.15531666017735,38.34736467041472,52.12185290999139,9.443670350140913,0.9999524480656856,0.597940996904026,5-Fold
L1_Lasso_25_GradientBoosting_Huber,L1_Lasso,25,GradientBoosting_Huber,84.29712167778068,12.532772006200284,66.71665700000437,16.507427426953914,49.98726215441859,11.268265782634327,0.9851224353218193,0.6097012893201796,5-Fold
L1_Lasso_25_PoissonRegressor,L1_Lasso,25,PoissonRegressor,181.0938476823678,112.82023807316502,74.29401795455159,22.85251528710914,55.61553439849691,6.32639587134068,0.8700316724087334,0.3500984726258642,5-Fold
L1_Lasso_25_Bagging_HistGB,L1_Lasso,25,Bagging_HistGB,86.76077541596285,20.773155918941786,66.54627092789835,25.64991045091369,50.02987321737665,9.932482207706538,0.8935675419418778,0.5956744276290384,5-Fold
L1_Lasso_25_Stack_RF+HistGB+ET,L1_Lasso,25,Stack_RF+HistGB+ET,86.2504429694715,11.82549863776545,72.82896075578606,25.046498436510443,51.757337026586626,8.83843396946587,0.96246815112057,0.6332603079241192,5-Fold
L1_Lasso_30_RandomForest_default,L1_Lasso,30,RandomForest_default,84.85150264766398,10.716008512526736,84.36821250763296,37.80618706625469,52.35200732454348,11.061159481183212,0.9432772860138663,0.6287247705686427,5-Fold
L1_Lasso_30_RandomForest_tuned,L1_Lasso,30,RandomForest_tuned,83.3788310335562,10.869461884320566,84.28494078969975,37.5282467802516,53.393395470278485,10.759101917810744,0.9175099156414648,0.6398573475847822,5-Fold
L1_Lasso_30_HistGB_Poisson_default,L1_Lasso,30,HistGB_Poisson_default,87.45669404622325,15.793469157571526,60.2220333230803,17.739188257329,49.22735451162996,8.810900947675748,0.9790680710142056,0.6043715270622781,5-Fold
L1_Lasso_30_HistGB_Poisson_tuned_v1,L1_Lasso,30,HistGB_Poisson_tuned_v1,84.21754726551313,16.255542104675516,51.41638288676229,12.191884749427565,48.407564337751424,7.1654495546888555,0.9974635219437697,0.6192278014344355,5-Fold
L1_Lasso_30_HistGB_Poisson_tuned_v2,L1_Lasso,30,HistGB_Poisson_tuned_v2,87.45669404622325,15.793469157571526,60.2220333230803,17.739188257329,49.22735451162996,8.810900947675748,0.9790680710142056,0.6043715270622781,5-Fold
L1_Lasso_30_HistGB_SquaredError,L1_Lasso,30,HistGB_SquaredError,87.19206223286082,16.31884528251555,72.32418757349416,17.708589860098137,63.109008296425806,14.591396719324589,0.9974699952069098,0.6308558745372332,5-Fold
L1_Lasso_30_ExtraTrees,L1_Lasso,30,ExtraTrees,87.58764251407662,15.467957657337163,76.8587793447355,36.9168857487869,52.01832482143745,8.850815284825911,0.9999524480656856,0.5980709045168131,5-Fold
L1_Lasso_30_GradientBoosting_Huber,L1_Lasso,30,GradientBoosting_Huber,84.5339352437383,12.950790025898558,70.08899860137613,19.869085902666615,51.173000538002285,11.083017025652511,0.9855535702699187,0.6081779454238827,5-Fold
L1_Lasso_30_PoissonRegressor,L1_Lasso,30,PoissonRegressor,177.02058643196978,108.26860900080716,73.33737257716771,23.05970926989197,55.20355502998753,6.549664402721264,0.8740220596551168,0.3580908797014808,5-Fold
L1_Lasso_30_Bagging_HistGB,L1_Lasso,30,Bagging_HistGB,86.76077541596285,20.773155918941786,66.54627092789835,25.64991045091369,50.02987321737665,9.932482207706538,0.8935675419418778,0.5956744276290384,5-Fold
L1_Lasso_30_Stack_RF+HistGB+ET,L1_Lasso,30,Stack_RF+HistGB+ET,86.0167810959873,11.387791978250139,71.30319648017698,24.549564763532736,51.90460936914927,8.58160353754776,0.9603838601046013,0.6332153832183594,5-Fold
MI_20_RandomForest_default,MI,20,RandomForest_default,91.47722160324835,17.50446521932805,109.55252966410217,54.173416122207776,60.81216592826731,8.674073232535612,0.9292618348627301,0.559962551560966,5-Fold
MI_20_RandomForest_tuned,MI,20,RandomForest_tuned,89.00509400217523,17.07652216977264,103.51902017028863,49.45739472853256,58.96367829518622,9.196642623840065,0.9050982056563956,0.5800323846509163,5-Fold
MI_20_HistGB_Poisson_default,MI,20,HistGB_Poisson_default,96.409775855534,10.73097540366207,93.50702985372374,29.8264478442203,62.67511635102996,7.5616136954427615,0.9530719539207293,0.5957509738814878,5-Fold
MI_20_HistGB_Poisson_tuned_v1,MI,20,HistGB_Poisson_tuned_v1,107.28484351393601,21.181622766416204,66.92698733240918,19.41621138966447,55.03714838399351,6.0552919848433975,0.9929770326885119,0.5177765680118168,5-Fold
MI_20_HistGB_Poisson_tuned_v2,MI,20,HistGB_Poisson_tuned_v2,96.409775855534,10.73097540366207,93.50702985372374,29.8264478442203,62.67511635102996,7.5616136954427615,0.9530719539207293,0.5957509738814878,5-Fold
MI_20_HistGB_SquaredError,MI,20,HistGB_SquaredError,117.27842704163587,24.0179844976266,101.6179587891093,49.34314153705997,63.052282525842564,10.565335907739914,0.9853483602993967,0.4407853286767292,5-Fold
MI_20_ExtraTrees,MI,20,ExtraTrees,94.66331426720468,16.057077289880805,105.82299238445967,56.31064729974236,60.27981405298588,9.810818207029905,0.9960556407310934,0.5422822186292462,5-Fold
MI_20_GradientBoosting_Huber,MI,20,GradientBoosting_Huber,92.06477045103972,19.418696038462326,81.24104481874195,29.710477866128667,56.54242338283442,10.420764331477091,0.9782648009131784,0.5552333019804866,5-Fold
MI_20_PoissonRegressor,MI,20,PoissonRegressor,167.39071815685776,100.71331804996748,145.15359757364132,103.82719696378717,64.403974126722,7.823464281845517,0.7376198970777631,0.37223429589718743,5-Fold
MI_20_Bagging_HistGB,MI,20,Bagging_HistGB,92.16950250100109,19.61085360301755,84.34300875688524,31.166666528492588,58.59352303772852,7.997238976278636,0.8683051581619878,0.6096298412657405,5-Fold
MI_20_Stack_RF+HistGB+ET,MI,20,Stack_RF+HistGB+ET,94.21795390265996,17.665429267893956,102.57435688836054,43.6498653318024,60.36123259515561,9.139510119561384,0.9221921880655432,0.5900787480225926,5-Fold
RF_20_RandomForest_default,RF,20,RandomForest_default,87.70314999774865,12.788110009327214,90.92157774566238,30.230108821882975,58.51514150004861,5.826660759639306,0.9369265049904405,0.5886561507427058,5-Fold
RF_20_RandomForest_tuned,RF,20,RandomForest_tuned,84.69057027004534,15.337629212563922,91.91997743904354,37.426327493143056,56.81506261796581,9.643252673994553,0.907944835099267,0.6109600367393342,5-Fold
RF_20_HistGB_Poisson_default,RF,20,HistGB_Poisson_default,92.98729801735449,19.830969202371275,76.01756484219084,16.34282000566333,57.34068387986665,5.995583052630665,0.9638521736773168,0.5637803248087154,5-Fold
RF_20_HistGB_Poisson_tuned_v1,RF,20,HistGB_Poisson_tuned_v1,92.86079562356909,22.080072281811134,64.82283897018858,24.93112075559696,54.186593749805965,8.475865462802796,0.9920288069318476,0.5427161763937015,5-Fold
RF_20_HistGB_Poisson_tuned_v2,RF,20,HistGB_Poisson_tuned_v2,92.98729801735449,19.830969202371275,76.01756484219084,16.34282000566333,57.34068387986665,5.995583052630665,0.9638521736773168,0.5637803248087154,5-Fold
RF_20_HistGB_SquaredError,RF,20,HistGB_SquaredError,95.44833886826765,12.945519648095386,86.7962486415125,25.98571516404846,64.3991770463368,8.13221034607996,0.9911711871025938,0.5326425092574564,5-Fold
RF_20_ExtraTrees,RF,20,ExtraTrees,90.10201669766161,12.770617945932514,89.56023098936585,35.50031525008709,57.401429850785135,5.734841708380662,0.9960556404881433,0.5675659549784167,5-Fold
RF_20_GradientBoosting_Huber,RF,20,GradientBoosting_Huber,86.39930081506073,15.848407198627598,72.2352737003529,27.539806620547076,54.14990679564223,6.670043774874891,0.9775094057344426,0.5933423565631222,5-Fold
RF_20_PoissonRegressor,RF,20,PoissonRegressor,284.0832130632358,196.75373832361797,124.1662982802203,26.997170094702998,61.72110459908447,6.000900956247281,0.7856051804952686,0.3143548740589732,5-Fold
RF_20_Bagging_HistGB,RF,20,Bagging_HistGB,96.78147685932808,12.774910772109138,76.78933060503114,23.063105217832135,56.39218220599579,4.402327586850748,0.8640347625303214,0.5492543009400949,5-Fold
RF_20_Stack_RF+HistGB+ET,RF,20,Stack_RF+HistGB+ET,93.25432771260989,15.705939003439903,87.62387685999565,31.81200415141046,56.534428874529645,7.806404203182434,0.9353381511472936,0.5573492384915182,5-Fold
L1_Lasso_10_RandomForest_default,L1_Lasso,10,RandomForest_default,84.19076617960627,39.212366939497976,79.67961723919242,36.33053543208469,53.06099933480241,11.83072312647586,0.9479554446524338,0.6854342032321006,10-Fold
L1_Lasso_10_RandomForest_tuned,L1_Lasso,10,RandomForest_tuned,80.4849626996697,29.623688335596416,77.20917550577528,30.458340176236185,53.34964570609158,11.678345871787608,0.9055966158652786,0.7179019562156042,10-Fold
L1_Lasso_10_HistGB_Poisson_default,L1_Lasso,10,HistGB_Poisson_default,88.20849193156441,34.641695045424235,76.28914904347054,37.36152041533385,56.728989163529015,12.622873213568967,0.9522686573938828,0.6193688379855085,10-Fold
L1_Lasso_10_HistGB_Poisson_tuned_v1,L1_Lasso,10,HistGB_Poisson_tuned_v1,84.41001217223092,37.76477956572219,61.80392489294452,21.025201781264307,54.89454130269205,12.087488204634885,0.9953438040800338,0.6584474895021337,10-Fold
L1_Lasso_10_HistGB_Poisson_tuned_v2,L1_Lasso,10,HistGB_Poisson_tuned_v2,88.20849193156441,34.641695045424235,76.28914904347054,37.36152041533385,56.728989163529015,12.622873213568967,0.9522686573938828,0.6193688379855085,10-Fold
L1_Lasso_10_HistGB_SquaredError,L1_Lasso,10,HistGB_SquaredError,82.107164804344,32.63024103242168,85.41433071240164,32.90185173430844,69.6954972628576,16.705921127422627,0.9908051152839965,0.7050018639097523,10-Fold
L1_Lasso_10_ExtraTrees,L1_Lasso,10,ExtraTrees,85.24830550374256,30.675544745709594,74.63531303447658,37.93336576000104,52.04343758093987,14.288153255800216,0.9999426086912118,0.7061839880633365,10-Fold
L1_Lasso_10_GradientBoosting_Huber,L1_Lasso,10,GradientBoosting_Huber,87.79371353904126,40.35970268381172,80.81689256260037,40.25880202895167,61.4876034737538,12.05937830555959,0.9892820549391876,0.6588199272159446,10-Fold
L1_Lasso_10_PoissonRegressor,L1_Lasso,10,PoissonRegressor,111.2896481497684,62.23602504231679,68.75820127559187,31.778381149799614,51.59076178723043,13.715925861134956,0.7513443146333898,0.6185174459569156,10-Fold
L1_Lasso_10_Bagging_HistGB,L1_Lasso,10,Bagging_HistGB,86.67849748996893,31.183953660162114,73.11764778937494,23.2597298824524,54.72420206790961,9.780313924416118,0.8651429518708497,0.648352261115672,10-Fold
L1_Lasso_10_Stack_RF+HistGB+ET,L1_Lasso,10,Stack_RF+HistGB+ET,87.17869148579588,32.705419143508465,73.03371615144519,34.51844185650081,53.60983063879428,12.486085967981662,0.9879687063020611,0.6881994346292009,10-Fold
L1_Lasso_15_RandomForest_default,L1_Lasso,15,RandomForest_default,81.85606903691342,34.61073810285425,87.1824506443736,40.04949611728837,53.50937565915751,14.002583378739025,0.9439345669664657,0.6976778572710525,10-Fold
L1_Lasso_15_RandomForest_tuned,L1_Lasso,15,RandomForest_tuned,79.61186718507619,31.96154734467008,85.55453033341566,40.0395099377369,53.32299654423506,14.34140351865296,0.9141806803371301,0.7164405167291964,10-Fold
L1_Lasso_15_HistGB_Poisson_default,L1_Lasso,15,HistGB_Poisson_default,87.22473588601189,34.01678209730229,69.27550676079977,27.151659521010004,53.445296469709305,11.992274678376168,0.9763214626706398,0.6325297785393429,10-Fold
L1_Lasso_15_HistGB_Poisson_tuned_v1,L1_Lasso,15,HistGB_Poisson_tuned_v1,80.66554090596563,36.75782371063771,56.564183944342645,20.85313139557767,50.93736509378273,14.104323887911434,0.9973619706201065,0.6903659334215113,10-Fold
L1_Lasso_15_HistGB_Poisson_tuned_v2,L1_Lasso,15,HistGB_Poisson_tuned_v2,87.22473588601189,34.01678209730229,69.27550676079977,27.151659521010004,53.445296469709305,11.992274678376168,0.9763214626706398,0.6325297785393429,10-Fold
L1_Lasso_15_HistGB_SquaredError,L1_Lasso,15,HistGB_SquaredError,77.64808872515961,32.91385381870682,74.20238537606488,40.965926000866695,57.06954643089589,16.63666238485704,0.9966990573355214,0.6987327343939826,10-Fold
L1_Lasso_15_ExtraTrees,L1_Lasso,15,ExtraTrees,85.39124468485714,32.62381681738808,73.52516010564185,34.30638320282881,50.42949350355691,13.788642793161134,0.9999426263449609,0.6968091085135525,10-Fold
L1_Lasso_15_GradientBoosting_Huber,L1_Lasso,15,GradientBoosting_Huber,83.56981986298905,36.10836871562123,74.21640870895959,30.620506193956007,55.03509989282405,15.907300881886657,0.9917806811103709,0.6903169161540945,10-Fold
L1_Lasso_15_PoissonRegressor,L1_Lasso,15,PoissonRegressor,91.40523602691579,48.208928649402964,59.400657850629635,29.839109171048186,46.80386102221037,8.849277392304325,0.8293344970647546,0.6703558688404943,10-Fold
L1_Lasso_15_Bagging_HistGB,L1_Lasso,15,Bagging_HistGB,83.86026921949168,33.11003072503658,63.26091879218652,19.576244402925685,49.86413026282817,6.758434551235441,0.8951457194739554,0.6754881059204413,10-Fold
L1_Lasso_15_Stack_RF+HistGB+ET,L1_Lasso,15,Stack_RF+HistGB+ET,79.01860381465713,33.57478086550574,70.45849776303099,33.14788875245865,51.126393793020654,12.141841518807155,0.9538869239476645,0.7289819871647809,10-Fold
L1_Lasso_20_RandomForest_default,L1_Lasso,20,RandomForest_default,78.87361330814134,33.68590349867786,86.55491191261169,43.90727717480341,52.674373684139525,13.392587071373388,0.9458247516196433,0.7088385016880265,10-Fold
L1_Lasso_20_RandomForest_tuned,L1_Lasso,20,RandomForest_tuned,76.792528101976,31.737350973040996,82.60173183591057,38.19603179519568,52.78916283788627,13.079189818604457,0.9209602679919062,0.7284204400007298,10-Fold
L1_Lasso_20_HistGB_Poisson_default,L1_Lasso,20,HistGB_Poisson_default,81.60790783070861,32.891329079824295,60.14978220569433,17.68055492027277,50.01856966886232,10.010021244535968,0.9797478719206971,0.6543715948877739,10-Fold
L1_Lasso_20_HistGB_Poisson_tuned_v1,L1_Lasso,20,HistGB_Poisson_tuned_v1,80.48651473609728,37.603339746145295,49.982844174743256,13.476784405596995,48.80410786174812,11.951329848841826,0.9971188052705454,0.695593478040304,10-Fold
L1_Lasso_20_HistGB_Poisson_tuned_v2,L1_Lasso,20,HistGB_Poisson_tuned_v2,81.60790783070861,32.891329079824295,60.14978220569433,17.68055492027277,50.01856966886232,10.010021244535968,0.9797478719206971,0.6543715948877739,10-Fold
L1_Lasso_20_HistGB_SquaredError,L1_Lasso,20,HistGB_SquaredError,75.35212326204606,38.7834225962629,60.09083365735016,32.89937513249502,48.59674404509101,16.43070443226936,0.9977871893395598,0.6984907713079531,10-Fold
L1_Lasso_20_ExtraTrees,L1_Lasso,20,ExtraTrees,84.73595272744572,34.40005246044218,75.1786757203187,41.67689894810608,50.17217648469612,12.99475345334865,0.9999426324970606,0.6706393260294097,10-Fold
L1_Lasso_20_GradientBoosting_Huber,L1_Lasso,20,GradientBoosting_Huber,79.2575464068622,35.36134649111308,65.76941719704254,25.998691710167886,52.29473215190497,16.67342305354682,0.9916765644840237,0.7081601080340393,10-Fold
L1_Lasso_20_PoissonRegressor,L1_Lasso,20,PoissonRegressor,117.7804543618538,72.1343245466854,66.84632340458765,28.070312715068635,49.919470318474474,7.8732533947615435,0.8378677845362758,0.6042788097305969,10-Fold
L1_Lasso_20_Bagging_HistGB,L1_Lasso,20,Bagging_HistGB,81.91626226206847,34.108257538683084,60.403564742192714,17.696355063265624,49.53941925124369,7.91251578464783,0.9000395977919787,0.6727921963645054,10-Fold
L1_Lasso_20_Stack_RF+HistGB+ET,L1_Lasso,20,Stack_RF+HistGB+ET,76.1291330877099,32.87748259564327,61.70398240239833,22.011669497158202,48.97085789020743,11.728151650896281,0.9570931020759526,0.7370624418131972,10-Fold
L1_Lasso_25_RandomForest_default,L1_Lasso,25,RandomForest_default,81.00699328607017,33.5151346807553,88.40167859736496,46.92708330070048,53.34034222176365,13.139176960734558,0.944366463744738,0.6920024085721377,10-Fold
L1_Lasso_25_RandomForest_tuned,L1_Lasso,25,RandomForest_tuned,79.7851646601475,31.21831588279889,87.99135856057852,42.75139594105087,54.11831615907978,12.880495009926307,0.919740940019417,0.7178611271051447,10-Fold
L1_Lasso_25_HistGB_Poisson_default,L1_Lasso,25,HistGB_Poisson_default,85.05432108960647,31.767563158057193,62.61752662221185,18.432150576131736,52.313018252336576,11.740554673307022,0.9846404248506886,0.6306622286963616,10-Fold
L1_Lasso_25_HistGB_Poisson_tuned_v1,L1_Lasso,25,HistGB_Poisson_tuned_v1,81.69055024741155,37.21756720379253,48.2172639396634,13.407037382199192,47.660888638272574,9.774332332686912,0.9977691741282259,0.6658690403555861,10-Fold
L1_Lasso_25_HistGB_Poisson_tuned_v2,L1_Lasso,25,HistGB_Poisson_tuned_v2,85.05432108960647,31.767563158057193,62.61752662221185,18.432150576131736,52.313018252336576,11.740554673307022,0.9846404248506886,0.6306622286963616,10-Fold
L1_Lasso_25_HistGB_SquaredError,L1_Lasso,25,HistGB_SquaredError,77.47089390410329,37.00522936098421,68.43555944362372,33.30399130333752,51.59767744163147,18.124301291555888,0.9983126941391722,0.6960127263132739,10-Fold
L1_Lasso_25_ExtraTrees,L1_Lasso,25,ExtraTrees,84.47662916565751,35.40483612935053,78.7167860550592,41.06213157830341,52.398757401906764,12.210896167283288,0.9999426324970606,0.6601170338137577,10-Fold
L1_Lasso_25_GradientBoosting_Huber,L1_Lasso,25,GradientBoosting_Huber,84.51138305037873,35.700141650026886,68.96024904262705,22.014096615152603,52.17017495191711,14.48277109482157,0.9878457223134373,0.680688766403602,10-Fold
L1_Lasso_25_PoissonRegressor,L1_Lasso,25,PoissonRegressor,156.82435004807795,133.61229949494927,77.31363148088693,36.18225799058402,55.23734817999432,6.117227089357838,0.8533350651389193,0.5337245888576909,10-Fold
L1_Lasso_25_Bagging_HistGB,L1_Lasso,25,Bagging_HistGB,80.39443206399872,35.28378810526314,59.5916416612621,19.137512242668826,48.78114668026939,11.813932269470719,0.909499330443442,0.6873172941007153,10-Fold
L1_Lasso_25_Stack_RF+HistGB+ET,L1_Lasso,25,Stack_RF+HistGB+ET,77.67730783215033,32.14113722047477,65.71777059327164,22.698103103657225,50.40276767546871,10.354946831622941,0.9734429682287973,0.7052640818959424,10-Fold
L1_Lasso_30_RandomForest_default,L1_Lasso,30,RandomForest_default,79.8143919754641,30.973361187083913,88.55035150395376,45.39369541206846,53.7430670976942,12.995530263352817,0.9447177760178194,0.6976585451027517,10-Fold
L1_Lasso_30_RandomForest_tuned,L1_Lasso,30,RandomForest_tuned,78.37998269657703,30.26980394535101,83.24184464464813,40.82752747642028,53.39298304797522,12.127952661070825,0.922724867656999,0.7214414782689862,10-Fold
L1_Lasso_30_HistGB_Poisson_default,L1_Lasso,30,HistGB_Poisson_default,85.05432108960647,31.767563158057193,62.61752662221185,18.432150576131736,52.313018252336576,11.740554673307022,0.9846404248506886,0.6306622286963616,10-Fold
L1_Lasso_30_HistGB_Poisson_tuned_v1,L1_Lasso,30,HistGB_Poisson_tuned_v1,81.68791761426122,37.360074571404006,47.710918156392054,13.320199526183082,47.35548799323974,9.995396088331695,0.997775688291549,0.6668868051879075,10-Fold
L1_Lasso_30_HistGB_Poisson_tuned_v2,L1_Lasso,30,HistGB_Poisson_tuned_v2,85.05432108960647,31.767563158057193,62.61752662221185,18.432150576131736,52.313018252336576,11.740554673307022,0.9846404248506886,0.6306622286963616,10-Fold
L1_Lasso_30_HistGB_SquaredError,L1_Lasso,30,HistGB_SquaredError,77.51229640052193,36.941190337537755,69.61810762114628,32.20592743154626,53.60663987869393,15.372170771277949,0.9983586204309034,0.695264274645124,10-Fold
L1_Lasso_30_ExtraTrees,L1_Lasso,30,ExtraTrees,82.18500071509335,35.66566791730359,76.12836020986745,38.07502277320389,52.31207934665166,11.500623927563016,0.9999426324970606,0.6681295570531744,10-Fold
L1_Lasso_30_GradientBoosting_Huber,L1_Lasso,30,GradientBoosting_Huber,85.96908125173952,35.8913359287378,72.724498149938,22.994873019423007,54.62623324581891,14.372596913821308,0.9869483964525582,0.6744354832726815,10-Fold
L1_Lasso_30_PoissonRegressor,L1_Lasso,30,PoissonRegressor,149.60389855661066,116.86783332663417,75.28793053024617,34.19732767577081,54.302671346212584,6.970296545461546,0.8577533784655011,0.5395665172400578,10-Fold
L1_Lasso_30_Bagging_HistGB,L1_Lasso,30,Bagging_HistGB,80.39443206399872,35.28378810526314,59.5916416612621,19.137512242668826,48.78114668026939,11.813932269470719,0.909499330443442,0.6873172941007153,10-Fold
L1_Lasso_30_Stack_RF+HistGB+ET,L1_Lasso,30,Stack_RF+HistGB+ET,76.75547324734421,31.8350751101502,63.77844006564588,21.738739757592406,49.77098284506074,9.829746144339518,0.9789851542908226,0.7128994496358845,10-Fold
MI_20_RandomForest_default,MI,20,RandomForest_default,87.46145749877056,35.22266608237731,112.57266822021145,87.627065964204,59.057919534928985,14.557333176868076,0.933488771390661,0.6344943640531481,10-Fold
MI_20_RandomForest_tuned,MI,20,RandomForest_tuned,85.0215795411493,35.50400228534563,105.95897691121385,79.7536347680537,57.65955205653286,14.011397163289136,0.9087390544100978,0.6766846437598064,10-Fold
MI_20_HistGB_Poisson_default,MI,20,HistGB_Poisson_default,87.41770926890172,33.43723691642055,74.47214439012973,39.44245036159273,56.69768231294402,12.352434273263544,0.966045424629289,0.7308841749239717,10-Fold
MI_20_HistGB_Poisson_tuned_v1,MI,20,HistGB_Poisson_tuned_v1,98.88828415626412,44.0197595080742,67.60323727862956,39.42572838468938,56.337363194911106,12.807544338501742,0.9928178303196606,0.6157773767752185,10-Fold
MI_20_HistGB_Poisson_tuned_v2,MI,20,HistGB_Poisson_tuned_v2,87.41770926890172,33.43723691642055,74.47214439012973,39.44245036159273,56.69768231294402,12.352434273263544,0.966045424629289,0.7308841749239717,10-Fold
MI_20_HistGB_SquaredError,MI,20,HistGB_SquaredError,113.7561291889684,49.111452645808114,113.75569851590168,111.71419676983005,71.21944077709936,20.060368203991715,0.9873663724434503,0.5015884063605582,10-Fold
MI_20_ExtraTrees,MI,20,ExtraTrees,89.75675079384226,37.45686210341058,107.08668007810577,67.70195565966115,62.36251153100288,10.944911195632631,0.9954861185912396,0.6341152663374588,10-Fold
MI_20_GradientBoosting_Huber,MI,20,GradientBoosting_Huber,83.33056411987965,37.516276776990416,89.59118638339196,60.510238865036094,59.032200160213094,15.223006730661993,0.9789568436488132,0.688123492664897,10-Fold
MI_20_PoissonRegressor,MI,20,PoissonRegressor,149.1509530697925,98.76482860348052,149.66663210973482,157.04252224919375,63.87521991995451,12.22538837619213,0.7249585917673964,0.4061950186290259,10-Fold
MI_20_Bagging_HistGB,MI,20,Bagging_HistGB,92.13188731883031,30.892907171445415,79.26955255339884,48.58936391491166,56.570767646014076,11.990039543996764,0.8794017876246322,0.7309129352936619,10-Fold
MI_20_Stack_RF+HistGB+ET,MI,20,Stack_RF+HistGB+ET,85.15491714075142,35.128369234802506,99.79093093016986,68.81898072497232,57.921765954862884,11.905500230651885,0.9634349475149273,0.66978306959875,10-Fold
RF_20_RandomForest_default,RF,20,RandomForest_default,81.54836578140642,32.54460862303444,88.68318907915392,49.931406522637666,56.15190619807667,12.577004798633121,0.9398255363789019,0.6677204384852565,10-Fold
RF_20_RandomForest_tuned,RF,20,RandomForest_tuned,80.51505172680265,33.20020881574671,93.0563612585697,58.604179931763234,55.555150574449385,13.008197933830882,0.9134353857638546,0.7287634129312981,10-Fold
RF_20_HistGB_Poisson_default,RF,20,HistGB_Poisson_default,78.47505159502154,39.430442475932786,67.41897951921798,33.11707987922927,53.867120204568224,9.97556540514264,0.9774631414189194,0.7019576911922334,10-Fold
RF_20_HistGB_Poisson_tuned_v1,RF,20,HistGB_Poisson_tuned_v1,82.91023134826453,47.42001058972382,62.73586573154931,33.791049109922966,53.82766434389007,12.566935374754692,0.992199174910206,0.647855458757655,10-Fold
RF_20_HistGB_Poisson_tuned_v2,RF,20,HistGB_Poisson_tuned_v2,78.47505159502154,39.430442475932786,67.41897951921798,33.11707987922927,53.867120204568224,9.97556540514264,0.9774631414189194,0.7019576911922334,10-Fold
RF_20_HistGB_SquaredError,RF,20,HistGB_SquaredError,88.02921627802104,34.98724669530441,89.12294836666328,50.83297984880745,60.19626613792777,10.86236725953749,0.9928217793773723,0.6217737252924578,10-Fold
RF_20_ExtraTrees,RF,20,ExtraTrees,84.7190549805157,34.493810783190426,89.7178196176042,56.227503079385826,57.511815347275004,10.718079293114418,0.9954861181203704,0.6598806948458111,10-Fold
RF_20_GradientBoosting_Huber,RF,20,GradientBoosting_Huber,84.16957258417303,36.700003306461255,77.23530646444124,51.87497796920252,55.39931084332752,10.234924141554666,0.9773382220137223,0.6802850558818666,10-Fold
RF_20_PoissonRegressor,RF,20,PoissonRegressor,185.72444852757042,174.43982546135862,111.12034401136286,50.92481281117499,60.5303343931493,7.86610167051984,0.7711748237139279,0.5140439655742803,10-Fold
RF_20_Bagging_HistGB,RF,20,Bagging_HistGB,83.04148793180647,34.311383316127475,68.88428427168063,30.698288296609046,53.448890702550806,8.540159966116395,0.8814099712985536,0.7009040185867128,10-Fold
RF_20_Stack_RF+HistGB+ET,RF,20,Stack_RF+HistGB+ET,87.06403462246446,36.34158537466528,88.14163315477741,55.935355939072124,55.77725912281844,8.996709186068927,0.9628019537717462,0.6601195057349543,10-Fold
L1_Lasso_10_RandomForest_default,L1_Lasso,10,RandomForest_default,83.33247660508484,40.38781816607195,76.44098554595058,28.88480032569833,52.44907320238204,12.50925697479184,0.947248780269959,0.6813260554610462,Repeated_5x10
L1_Lasso_10_RandomForest_tuned,L1_Lasso,10,RandomForest_tuned,78.40283987705193,33.3897093368402,75.24035678801098,24.164407245347206,52.808037324754444,12.930116253752226,0.9045831980295186,0.7004779696363027,Repeated_5x10
L1_Lasso_10_HistGB_Poisson_default,L1_Lasso,10,HistGB_Poisson_default,95.24319139467713,33.747788985605105,80.15765130654663,38.94700422842882,58.51939886497511,14.120969102230788,0.9519150125174193,0.5614764367724787,Repeated_5x10
L1_Lasso_10_HistGB_Poisson_tuned_v1,L1_Lasso,10,HistGB_Poisson_tuned_v1,83.46758579432824,35.803104446963076,61.44447711233275,23.52376581707641,53.245314848717534,13.931903792371177,0.995283641062227,0.6546377934977023,Repeated_5x10
L1_Lasso_10_HistGB_Poisson_tuned_v2,L1_Lasso,10,HistGB_Poisson_tuned_v2,95.24319139467713,33.747788985605105,80.15765130654663,38.94700422842882,58.51939886497511,14.120969102230788,0.9519150125174193,0.5614764367724787,Repeated_5x10
L1_Lasso_10_HistGB_SquaredError,L1_Lasso,10,HistGB_SquaredError,84.64589477812818,34.640732283123185,86.06276403927585,30.261802612646946,71.04812266220293,18.371697680308717,0.9899411372505044,0.6688170488114717,Repeated_5x10
L1_Lasso_10_ExtraTrees,L1_Lasso,10,ExtraTrees,82.10557645884461,31.26456770314955,69.81224012796048,32.9974372653412,50.356644657216165,12.683864226572279,0.9999412723035203,0.7031883882949511,Repeated_5x10
L1_Lasso_10_GradientBoosting_Huber,L1_Lasso,10,GradientBoosting_Huber,84.566945977254,37.454521022166695,76.73043784314137,28.238191405390783,60.79141695944765,14.485863683080405,0.9886459149976625,0.6596896398060476,Repeated_5x10
L1_Lasso_10_PoissonRegressor,L1_Lasso,10,PoissonRegressor,114.16998256244676,67.55823695239,68.32475023106602,22.795403351362726,51.70067311079765,13.152945425476814,0.7513830870986858,0.6283021555453281,Repeated_5x10
L1_Lasso_10_Bagging_HistGB,L1_Lasso,10,Bagging_HistGB,90.27472401972611,34.391608362615266,76.43991439153302,31.095549574149043,55.61910763295887,13.921696325762612,0.8685685386170878,0.5821128109793503,Repeated_5x10
L1_Lasso_10_Stack_RF+HistGB+ET,L1_Lasso,10,Stack_RF+HistGB+ET,84.85450902946344,31.733910550704046,71.88020415869168,31.343099658618634,51.42817696174367,12.504618442183022,0.9807507924887443,0.6857198898650246,Repeated_5x10
L1_Lasso_15_RandomForest_default,L1_Lasso,15,RandomForest_default,82.20194065282939,35.9267170704809,87.28318228441219,39.26625478513277,53.771121233070055,13.721498762827473,0.9437076851587094,0.6673660188742414,Repeated_5x10
L1_Lasso_15_RandomForest_tuned,L1_Lasso,15,RandomForest_tuned,78.05251894446063,35.21681561827612,84.59654887866132,33.02631872528531,53.604637699466146,13.644717296499863,0.9135575469991424,0.6961596426341788,Repeated_5x10
L1_Lasso_15_HistGB_Poisson_default,L1_Lasso,15,HistGB_Poisson_default,89.95019033788328,35.42844611680196,70.01828347764759,27.70882472655328,54.184377964810444,12.87636801703882,0.9761215231996158,0.5920270088882744,Repeated_5x10
L1_Lasso_15_HistGB_Poisson_tuned_v1,L1_Lasso,15,HistGB_Poisson_tuned_v1,79.9925070789796,38.76603300420691,55.10871433616955,18.28071743797588,50.66984358577815,13.407624197854862,0.9974247599842565,0.6623371231078394,Repeated_5x10
L1_Lasso_15_HistGB_Poisson_tuned_v2,L1_Lasso,15,HistGB_Poisson_tuned_v2,89.95019033788328,35.42844611680196,70.01828347764759,27.70882472655328,54.184377964810444,12.87636801703882,0.9761215231996158,0.5920270088882744,Repeated_5x10
L1_Lasso_15_HistGB_SquaredError,L1_Lasso,15,HistGB_SquaredError,78.07175676710018,33.44404698539382,74.89729498856109,32.45863609634327,59.04054524831725,15.542803031037698,0.9967837170238691,0.680536989061989,Repeated_5x10
L1_Lasso_15_ExtraTrees,L1_Lasso,15,ExtraTrees,81.99454941288859,31.544130118882773,70.98183867540077,31.17144226598084,49.810850703388745,13.051753543259583,0.9999413333794698,0.6866399949822957,Repeated_5x10
L1_Lasso_15_GradientBoosting_Huber,L1_Lasso,15,GradientBoosting_Huber,82.23496182748855,36.48285327904572,73.01083701799729,27.06036804583216,55.51365620094262,14.095608532481332,0.9914763783438814,0.6607669522136591,Repeated_5x10
L1_Lasso_15_PoissonRegressor,L1_Lasso,15,PoissonRegressor,92.11959635579399,52.767918353515725,58.630315068978895,25.02707241504679,48.002707452470894,12.475955049823716,0.8292104959279567,0.6863025494562349,Repeated_5x10
L1_Lasso_15_Bagging_HistGB,L1_Lasso,15,Bagging_HistGB,85.77368690558107,37.26608045986368,66.4104817179341,26.14627198594703,51.09814415707063,11.72190360970988,0.8978232473682688,0.6245694536945955,Repeated_5x10
L1_Lasso_15_Stack_RF+HistGB+ET,L1_Lasso,15,Stack_RF+HistGB+ET,82.17820059210234,35.516542157550575,69.25129989701651,28.524316033920144,51.63592205938829,13.162218726638697,0.9178558685592598,0.7008083136030038,Repeated_5x10
L1_Lasso_20_RandomForest_default,L1_Lasso,20,RandomForest_default,81.2704177171522,34.539085533017754,87.72294228586557,40.698037385587654,53.48323542462535,14.160247397643083,0.9454337318895163,0.672856635509714,Repeated_5x10
L1_Lasso_20_RandomForest_tuned,L1_Lasso,20,RandomForest_tuned,77.6459102320438,34.79368962523921,83.35241628753582,32.98930455118046,53.52690779676448,14.152502368312419,0.9203514515669269,0.6996289418309856,Repeated_5x10
L1_Lasso_20_HistGB_Poisson_default,L1_Lasso,20,HistGB_Poisson_default,85.46215978776874,37.267297491158274,64.27192896749285,25.629246191248942,52.657630739468324,14.380660138869713,0.9800538928440926,0.6172490504096033,Repeated_5x10
L1_Lasso_20_HistGB_Poisson_tuned_v1,L1_Lasso,20,HistGB_Poisson_tuned_v1,80.53822073903888,38.792648729526896,50.6944965174483,14.30804621145935,49.55277576215047,14.179375114559893,0.997188575877434,0.6446190197461509,Repeated_5x10
L1_Lasso_20_HistGB_Poisson_tuned_v2,L1_Lasso,20,HistGB_Poisson_tuned_v2,85.46215978776874,37.267297491158274,64.27192896749285,25.629246191248942,52.657630739468324,14.380660138869713,0.9800538928440926,0.6172490504096033,Repeated_5x10
L1_Lasso_20_HistGB_SquaredError,L1_Lasso,20,HistGB_SquaredError,77.8599112916578,35.31425293373788,67.72585452216596,27.57476514257452,55.91543630871128,16.89246424772891,0.9979381823207413,0.6617242982059724,Repeated_5x10
L1_Lasso_20_ExtraTrees,L1_Lasso,20,ExtraTrees,82.76887780140261,33.6273256985896,73.05966689338166,36.77879081159007,50.37657251929385,12.900158261456054,0.9999413374240389,0.6785202044265994,Repeated_5x10
L1_Lasso_20_GradientBoosting_Huber,L1_Lasso,20,GradientBoosting_Huber,81.23837396807089,36.967932873709586,69.40071834566997,24.105934569265617,54.39958986130684,15.30475494800561,0.9910207233193329,0.6684176481981122,Repeated_5x10
L1_Lasso_20_PoissonRegressor,L1_Lasso,20,PoissonRegressor,116.38010575360764,70.57230310868577,65.39796671020241,26.555372289770176,51.30006317957782,13.151892915094997,0.8380083468035626,0.6227255634247345,Repeated_5x10
L1_Lasso_20_Bagging_HistGB,L1_Lasso,20,Bagging_HistGB,82.8191367826153,38.407999208917886,63.651383177814175,23.807379026943323,50.63013857712106,13.353903264183563,0.9037922138883079,0.6520415589642953,Repeated_5x10
L1_Lasso_20_Stack_RF+HistGB+ET,L1_Lasso,20,Stack_RF+HistGB+ET,81.07602785840366,37.56210549477822,64.04075703121151,23.456339098447017,50.27498219853977,12.095185030413273,0.9183065162553494,0.7052730753180058,Repeated_5x10
L1_Lasso_25_RandomForest_default,L1_Lasso,25,RandomForest_default,81.75162798616753,35.49921856803156,89.40692076050584,43.66406923039429,53.94640590540714,14.683365353844053,0.9443376663308796,0.6572424384177822,Repeated_5x10
L1_Lasso_25_RandomForest_tuned,L1_Lasso,25,RandomForest_tuned,79.04239955879716,35.98038863829003,86.64148320224746,36.00030527091502,54.47000072894256,14.508525331678458,0.9191518870487155,0.6868530615097573,Repeated_5x10
L1_Lasso_25_HistGB_Poisson_default,L1_Lasso,25,HistGB_Poisson_default,84.24622826854414,34.87827274834169,63.46247703025599,24.791035360866633,51.97417004328615,13.439714888180713,0.9845494290308135,0.629777569342977,Repeated_5x10
L1_Lasso_25_HistGB_Poisson_tuned_v1,L1_Lasso,25,HistGB_Poisson_tuned_v1,81.26970283657919,39.46973178927506,49.67532881407968,15.652234332680933,48.35434157415717,13.983243679647028,0.99768714051037,0.6404345084668813,Repeated_5x10
L1_Lasso_25_HistGB_Poisson_tuned_v2,L1_Lasso,25,HistGB_Poisson_tuned_v2,84.24622826854414,34.87827274834169,63.46247703025599,24.791035360866633,51.97417004328615,13.439714888180713,0.9845494290308135,0.629777569342977,Repeated_5x10
L1_Lasso_25_HistGB_SquaredError,L1_Lasso,25,HistGB_SquaredError,79.3243353972146,36.65897177904762,68.0255260235643,28.327298898878727,55.79517697383678,16.622880529537763,0.9983519773663605,0.6591802646539581,Repeated_5x10
L1_Lasso_25_ExtraTrees,L1_Lasso,25,ExtraTrees,82.53906259704372,34.26183941809192,75.57028487066655,36.293269235544734,51.83133307574969,12.64752074266252,0.9999413374240389,0.6802902175340165,Repeated_5x10
L1_Lasso_25_GradientBoosting_Huber,L1_Lasso,25,GradientBoosting_Huber,84.22953139196858,36.66746717523427,69.00777273586725,24.31328356793027,53.58344477846563,13.918292941483745,0.9874270489350218,0.6469094349593602,Repeated_5x10
L1_Lasso_25_PoissonRegressor,L1_Lasso,25,PoissonRegressor,140.9182256599371,107.23626557028862,71.39476781673928,30.98684965249557,54.69117349210138,12.622310650647565,0.8521308297494226,0.5728243697555981,Repeated_5x10
L1_Lasso_25_Bagging_HistGB,L1_Lasso,25,Bagging_HistGB,78.99094567303273,37.602250151223444,61.708519753052975,22.691005142457616,49.57239588028861,13.318796632005924,0.913947602320314,0.6784211318159218,Repeated_5x10
L1_Lasso_25_Stack_RF+HistGB+ET,L1_Lasso,25,Stack_RF+HistGB+ET,81.86739792282029,40.40991410796476,65.99431040639223,30.546707130096284,50.152583712785415,13.707547184466765,0.9279346506265207,0.7041801985266926,Repeated_5x10
L1_Lasso_30_RandomForest_default,L1_Lasso,30,RandomForest_default,81.56787070779006,34.64420640944008,88.83088092802741,43.043485883337695,54.12036861554039,14.593059836181121,0.9447981036460125,0.6613652577204736,Repeated_5x10
L1_Lasso_30_RandomForest_tuned,L1_Lasso,30,RandomForest_tuned,78.80571175378223,34.87835607840603,83.16393451353493,33.62773479622388,54.20473394395738,14.142327009268811,0.9225730010358173,0.6860651296339423,Repeated_5x10
L1_Lasso_30_HistGB_Poisson_default,L1_Lasso,30,HistGB_Poisson_default,84.24622826854414,34.87827274834169,63.46247703025599,24.791035360866633,51.97417004328615,13.439714888180713,0.9845494290308135,0.629777569342977,Repeated_5x10
L1_Lasso_30_HistGB_Poisson_tuned_v1,L1_Lasso,30,HistGB_Poisson_tuned_v1,81.00488511474043,39.45926417437833,49.15291417840334,15.1684215824335,48.02292899461639,14.032371980011217,0.9976963080933973,0.6434941655054865,Repeated_5x10
L1_Lasso_30_HistGB_Poisson_tuned_v2,L1_Lasso,30,HistGB_Poisson_tuned_v2,84.24622826854414,34.87827274834169,63.46247703025599,24.791035360866633,51.97417004328615,13.439714888180713,0.9845494290308135,0.629777569342977,Repeated_5x10
L1_Lasso_30_HistGB_SquaredError,L1_Lasso,30,HistGB_SquaredError,79.22085788280945,36.632091760052695,67.90539298073061,27.24435632486772,56.26260255884231,15.53746038496113,0.9984459022309506,0.660057445267156,Repeated_5x10
L1_Lasso_30_ExtraTrees,L1_Lasso,30,ExtraTrees,81.28080144463574,34.126447138113114,73.99054436727334,34.48037492333416,51.926053705953336,12.386241017834546,0.9999413374240389,0.6788045842561174,Repeated_5x10
L1_Lasso_30_GradientBoosting_Huber,L1_Lasso,30,GradientBoosting_Huber,83.62135823705968,36.72607873924843,69.75065482624834,25.574116239284056,53.72977232057904,13.90658219205967,0.9871339035478252,0.6523019260031562,Repeated_5x10
L1_Lasso_30_PoissonRegressor,L1_Lasso,30,PoissonRegressor,133.18600884691728,94.29109325740193,69.40855778615062,29.562762046306247,53.771676965449494,12.538859320507285,0.8567365499895122,0.5890430035579194,Repeated_5x10
L1_Lasso_30_Bagging_HistGB,L1_Lasso,30,Bagging_HistGB,78.99094567303273,37.602250151223444,61.708519753052975,22.691005142457616,49.57239588028861,13.318796632005924,0.913947602320314,0.6784211318159218,Repeated_5x10
L1_Lasso_30_Stack_RF+HistGB+ET,L1_Lasso,30,Stack_RF+HistGB+ET,81.8984564496865,39.90976992182402,65.7359499171379,31.271300418677352,50.23028351734583,13.982436024894454,0.9339327678590718,0.6990329608288067,Repeated_5x10
MI_20_RandomForest_default,MI,20,RandomForest_default,84.15811357040393,39.19895118365232,109.24217624912491,63.97071727117926,58.48831540364488,15.482535794623924,0.9328707661843961,0.6371115295339514,Repeated_5x10
MI_20_RandomForest_tuned,MI,20,RandomForest_tuned,82.78096943312161,39.43989476013112,102.0637414813511,58.536581841505175,57.526455621268816,15.32545277211084,0.9080948740180608,0.6543761363585162,Repeated_5x10
MI_20_HistGB_Poisson_default,MI,20,HistGB_Poisson_default,86.32692944312186,33.647279911980206,71.85805369417461,33.26408863352062,55.583413234984455,11.63581022124826,0.9661863180239864,0.6637929942092164,Repeated_5x10
MI_20_HistGB_Poisson_tuned_v1,MI,20,HistGB_Poisson_tuned_v1,96.92401309176915,46.52164460681793,67.49450751047046,27.93682274647748,56.46887763483618,12.482197633016982,0.9927876369382987,0.5858492585798785,Repeated_5x10
MI_20_HistGB_Poisson_tuned_v2,MI,20,HistGB_Poisson_tuned_v2,86.32692944312186,33.647279911980206,71.85805369417461,33.26408863352062,55.583413234984455,11.63581022124826,0.9661863180239864,0.6637929942092164,Repeated_5x10
MI_20_HistGB_SquaredError,MI,20,HistGB_SquaredError,104.11984522746029,45.168937767410604,102.31955707600082,71.11998333760742,64.51542937553529,17.3758302315115,0.9865895019525684,0.5181830907143237,Repeated_5x10
MI_20_ExtraTrees,MI,20,ExtraTrees,88.74394353277228,39.15137541404387,103.71536443208592,55.415374407488905,61.2064880748424,12.160522024635501,0.9954971789828123,0.6216620498653037,Repeated_5x10
MI_20_GradientBoosting_Huber,MI,20,GradientBoosting_Huber,84.1280435159272,40.288656416071476,89.96183479152054,53.45048066131967,57.680602604066834,13.784211221246682,0.9792812642812005,0.6450355019303451,Repeated_5x10
MI_20_PoissonRegressor,MI,20,PoissonRegressor,143.33919188187383,131.67391160976032,142.98619318962355,147.28071705713197,63.15990239782149,14.343544141730831,0.7244476320965884,0.44652336479417604,Repeated_5x10
MI_20_Bagging_HistGB,MI,20,Bagging_HistGB,89.51531642631595,34.65728697793921,78.17806518166321,40.0609198128559,56.11225595367442,12.12629148474871,0.8795777073569954,0.6389097587757484,Repeated_5x10
MI_20_Stack_RF+HistGB+ET,MI,20,Stack_RF+HistGB+ET,85.37386255435557,40.5059158956074,98.98805241798131,53.49371794330232,58.12909390009758,13.531625429873776,0.9496334840105868,0.6667461526856973,Repeated_5x10
RF_20_RandomForest_default,RF,20,RandomForest_default,81.27903562459115,35.69081736766415,91.12788203333508,45.65485347619234,56.94871566837069,14.794977922017683,0.9397251811125493,0.6546954390121607,Repeated_5x10
RF_20_RandomForest_tuned,RF,20,RandomForest_tuned,79.65053228382662,36.42006394227237,93.63225181117794,47.70195413524781,56.34640122774596,14.71127433102682,0.9130046980066265,0.6858743023314253,Repeated_5x10
RF_20_HistGB_Poisson_default,RF,20,HistGB_Poisson_default,80.65741203607938,36.17632209629267,69.81278436840802,30.7172469003321,53.69683556747768,13.533861704689729,0.9779006632856566,0.6559728026822955,Repeated_5x10
RF_20_HistGB_Poisson_tuned_v1,RF,20,HistGB_Poisson_tuned_v1,81.09771892374518,42.96787277158044,64.0654287785021,26.316619643907273,53.985172666822834,14.01349429624083,0.9921629353696627,0.6523955726895179,Repeated_5x10
RF_20_HistGB_Poisson_tuned_v2,RF,20,HistGB_Poisson_tuned_v2,80.65741203607938,36.17632209629267,69.81278436840802,30.7172469003321,53.69683556747768,13.533861704689729,0.9779006632856566,0.6559728026822955,Repeated_5x10
RF_20_HistGB_SquaredError,RF,20,HistGB_SquaredError,87.55796190506517,33.75192674279929,92.67516943517394,50.84822848617147,61.73147927536424,16.148743046925333,0.9925392120601785,0.5901704872987795,Repeated_5x10
RF_20_ExtraTrees,RF,20,ExtraTrees,84.69130047305974,36.79494243562312,89.96621554179197,48.34975267507263,57.5920346866471,12.282803603085357,0.9954971786652683,0.6482799916182346,Repeated_5x10
RF_20_GradientBoosting_Huber,RF,20,GradientBoosting_Huber,84.27049661493143,37.00964621054554,85.26633667153499,48.328819659739146,57.881058055250044,13.791936787938527,0.9771649544323021,0.6388026462383426,Repeated_5x10
RF_20_PoissonRegressor,RF,20,PoissonRegressor,169.017622802706,172.61571791941,109.35737709250571,58.39270315488235,61.40299206941782,14.46907378707481,0.7718668197965076,0.4903319656466468,Repeated_5x10
RF_20_Bagging_HistGB,RF,20,Bagging_HistGB,83.05935210133359,35.24954217561809,73.51010525296377,28.757261669313834,54.530699734943546,12.731302729233105,0.8813354131799174,0.642329800536725,Repeated_5x10
RF_20_Stack_RF+HistGB+ET,RF,20,Stack_RF+HistGB+ET,85.58680350320003,39.35864775453647,88.79820501370712,44.21894493719026,57.11504519827476,14.055805766871035,0.9660614393090338,0.6628642326909493,Repeated_5x10
L1_Lasso_10_RandomForest_default,L1_Lasso,10,RandomForest_default,82.91394451197691,41.06914872135277,77.23674638484766,31.409914238418377,52.3351497070335,12.346735414891933,0.9470524522083382,0.6892137796206197,Repeated_3x10
L1_Lasso_10_RandomForest_tuned,L1_Lasso,10,RandomForest_tuned,77.93476517811072,32.8196627480544,75.46055146867293,25.43945668326032,52.70977934951084,12.727343346640318,0.9045565907326764,0.7080153207447081,Repeated_3x10
L1_Lasso_10_HistGB_Poisson_default,L1_Lasso,10,HistGB_Poisson_default,92.84028828302421,33.33821947683057,81.51160697769619,40.19316450282833,57.89741457792646,14.908804053212785,0.9523459082097291,0.5749981149300336,Repeated_3x10
L1_Lasso_10_HistGB_Poisson_tuned_v1,L1_Lasso,10,HistGB_Poisson_tuned_v1,82.52994466631188,34.60258394931312,61.390962763428796,22.0725285311006,53.28525350928396,14.211685617215478,0.9952552957351352,0.664107735430888,Repeated_3x10
L1_Lasso_10_HistGB_Poisson_tuned_v2,L1_Lasso,10,HistGB_Poisson_tuned_v2,92.84028828302421,33.33821947683057,81.51160697769619,40.19316450282833,57.89741457792646,14.908804053212785,0.9523459082097291,0.5749981149300336,Repeated_3x10
L1_Lasso_10_HistGB_SquaredError,L1_Lasso,10,HistGB_SquaredError,84.80332756595926,35.67519569077269,88.01123273296881,32.560001104454514,72.77629444738695,19.83531189891402,0.9908735629902055,0.6732655569005516,Repeated_3x10
L1_Lasso_10_ExtraTrees,L1_Lasso,10,ExtraTrees,80.09142317666178,32.531110534005286,70.81659956946503,36.00335328105424,50.123206967232704,12.56030998306269,0.9999422638292017,0.7180877765465082,Repeated_3x10
L1_Lasso_10_GradientBoosting_Huber,L1_Lasso,10,GradientBoosting_Huber,84.74373922002263,38.3366835557148,77.98448311367459,31.32521692433738,60.316695814469966,14.695077087710231,0.9892208290685449,0.6564588052259631,Repeated_3x10
L1_Lasso_10_PoissonRegressor,L1_Lasso,10,PoissonRegressor,118.15492233793863,74.23251825891644,68.71821424135136,23.263160791121642,51.493409850225405,11.626654172704322,0.7515760100723115,0.6403864542007053,Repeated_3x10
L1_Lasso_10_Bagging_HistGB,L1_Lasso,10,Bagging_HistGB,88.80992832696056,33.503900972695085,77.37838513424464,30.698778420290928,55.30385565684107,13.623155398143512,0.867645955214896,0.6010131058779239,Repeated_3x10
L1_Lasso_10_Stack_RF+HistGB+ET,L1_Lasso,10,Stack_RF+HistGB+ET,82.42388191993832,32.60467841833465,73.0628925803314,32.27439416759238,51.207259661384214,11.853946916604906,0.9821475091903408,0.6996126178944316,Repeated_3x10
L1_Lasso_15_RandomForest_default,L1_Lasso,15,RandomForest_default,80.75062765623254,36.77967136744356,89.0661607803476,42.959476556076375,53.772620917143335,13.551025105234883,0.9434459332942502,0.6811200932346445,Repeated_3x10
L1_Lasso_15_RandomForest_tuned,L1_Lasso,15,RandomForest_tuned,77.30456368162866,36.18224087785809,85.83333158330963,33.837715232958075,53.61358504131514,13.574679967984714,0.9132234160872088,0.7022544000846508,Repeated_3x10
L1_Lasso_15_HistGB_Poisson_default,L1_Lasso,15,HistGB_Poisson_default,89.0592634606926,35.16674384929681,71.53434537474,26.766271694167827,54.71772221605196,13.361610462707423,0.9764041856698003,0.6005739832926326,Repeated_3x10
L1_Lasso_15_HistGB_Poisson_tuned_v1,L1_Lasso,15,HistGB_Poisson_tuned_v1,77.5741081766494,38.30756079035685,55.6597943864796,19.24301637350101,50.24274151248359,13.91861182795809,0.997449924242893,0.6896268750706978,Repeated_3x10
L1_Lasso_15_HistGB_Poisson_tuned_v2,L1_Lasso,15,HistGB_Poisson_tuned_v2,89.0592634606926,35.16674384929681,71.53434537474,26.766271694167827,54.71772221605196,13.361610462707423,0.9764041856698003,0.6005739832926326,Repeated_3x10
L1_Lasso_15_HistGB_SquaredError,L1_Lasso,15,HistGB_SquaredError,77.13444517876839,34.78536002597081,76.02809045674464,36.00002929139027,59.22581050248176,16.20843372589711,0.9967722329769159,0.6954430001040921,Repeated_3x10
L1_Lasso_15_ExtraTrees,L1_Lasso,15,ExtraTrees,80.67386401024747,33.46788659485981,71.83487740491623,33.63093208548638,49.549133133203,12.406302446352957,0.9999422778172689,0.7000371770618089,Repeated_3x10
L1_Lasso_15_GradientBoosting_Huber,L1_Lasso,15,GradientBoosting_Huber,80.5373591101211,36.99037215611484,76.35253858389248,30.000783996934125,56.180000107048535,15.008274467080328,0.9918756593394595,0.673790066022088,Repeated_3x10
L1_Lasso_15_PoissonRegressor,L1_Lasso,15,PoissonRegressor,94.80475375728925,57.282701877813736,59.425068868032774,24.16277476397951,48.056439281371674,11.926531474841005,0.8294827192189268,0.6830038659793706,Repeated_3x10
L1_Lasso_15_Bagging_HistGB,L1_Lasso,15,Bagging_HistGB,84.44978029284425,36.964779003822734,65.887961521725,23.43093156850162,50.67244466425522,11.44878827108775,0.8975041486230587,0.636169123379533,Repeated_3x10
L1_Lasso_15_Stack_RF+HistGB+ET,L1_Lasso,15,Stack_RF+HistGB+ET,78.30002969269474,32.864211921876986,70.45323540924241,29.119105413004817,50.779283412516826,12.031391505209955,0.9319513359503961,0.7145247165333365,Repeated_3x10
L1_Lasso_20_RandomForest_default,L1_Lasso,20,RandomForest_default,79.3318748748721,35.73310996664537,89.28572582577841,44.505956992526755,53.29908935475947,14.004647118970937,0.9454221562727896,0.6883712867401423,Repeated_3x10
L1_Lasso_20_RandomForest_tuned,L1_Lasso,20,RandomForest_tuned,76.56154067972732,35.54125117502615,84.33733447656807,32.7778622080567,53.33791772092088,13.668958274846442,0.9201342479882612,0.7084902618541206,Repeated_3x10
L1_Lasso_20_HistGB_Poisson_default,L1_Lasso,20,HistGB_Poisson_default,83.10662968655723,36.60172605209391,63.32690617162622,21.87334205018602,52.144355107057066,14.715437549751096,0.9800241939662798,0.6294540482612716,Repeated_3x10
L1_Lasso_20_HistGB_Poisson_tuned_v1,L1_Lasso,20,HistGB_Poisson_tuned_v1,78.71848901577151,37.53293441945393,51.794557432675155,15.037268270173834,49.934053139923286,14.243411253530926,0.997216910492,0.6753418518591328,Repeated_3x10
L1_Lasso_20_HistGB_Poisson_tuned_v2,L1_Lasso,20,HistGB_Poisson_tuned_v2,83.10662968655723,36.60172605209391,63.32690617162622,21.87334205018602,52.144355107057066,14.715437549751096,0.9800241939662798,0.6294540482612716,Repeated_3x10
L1_Lasso_20_HistGB_SquaredError,L1_Lasso,20,HistGB_SquaredError,77.3432688180214,36.68164675388379,67.09016851894042,29.088257709494243,55.41007855010467,15.770929382588628,0.9978850545830528,0.6720720801309471,Repeated_3x10
L1_Lasso_20_ExtraTrees,L1_Lasso,20,ExtraTrees,81.62092756315343,35.95242032327401,75.28947273986378,40.904626596667754,50.141856791287964,12.938091984433209,0.9999422819642103,0.6831357622737763,Repeated_3x10
L1_Lasso_20_GradientBoosting_Huber,L1_Lasso,20,GradientBoosting_Huber,79.21158920489498,37.8150673359722,71.43312015409626,27.360011025245353,55.227150565333694,16.583957346324073,0.9912429070705246,0.6808376911320378,Repeated_3x10
L1_Lasso_20_PoissonRegressor,L1_Lasso,20,PoissonRegressor,117.32731871954145,72.23008740424605,65.72076176259951,25.369852309324816,51.41036238958083,13.120778216425455,0.8380379324208121,0.6238759754967014,Repeated_3x10
L1_Lasso_20_Bagging_HistGB,L1_Lasso,20,Bagging_HistGB,81.11492768539206,38.29175033334755,62.43694085777487,21.181095529735593,50.12398776799865,12.722099452999817,0.9031346338018822,0.6595557205619861,Repeated_3x10
L1_Lasso_20_Stack_RF+HistGB+ET,L1_Lasso,20,Stack_RF+HistGB+ET,76.92141259908144,34.53577884409944,64.94414709097197,22.010470073610616,50.02386028459728,12.009132245118792,0.9231027336885413,0.7207134337714345,Repeated_3x10
L1_Lasso_25_RandomForest_default,L1_Lasso,25,RandomForest_default,80.41481916713862,36.7744579571288,91.62065162164237,47.35803433554681,53.84967072657546,14.569085113177348,0.944469871129869,0.6721463785749165,Repeated_3x10
L1_Lasso_25_RandomForest_tuned,L1_Lasso,25,RandomForest_tuned,78.42042650673456,36.85554735411866,87.65622552144777,34.888141717271644,54.424261614521626,13.685235343975023,0.9189259306898653,0.6958732424441118,Repeated_3x10
L1_Lasso_25_HistGB_Poisson_default,L1_Lasso,25,HistGB_Poisson_default,84.69306183766228,35.39244147760824,64.6687700021442,25.010994451393156,52.572279604713806,14.595703514425095,0.9846817649055054,0.6253610854917601,Repeated_3x10
L1_Lasso_25_HistGB_Poisson_tuned_v1,L1_Lasso,25,HistGB_Poisson_tuned_v1,78.43030342253526,38.4457258908565,50.36723017360384,17.428599589514935,48.6174417174865,14.793980100585083,0.9977045630682717,0.6685018557342396,Repeated_3x10
L1_Lasso_25_HistGB_Poisson_tuned_v2,L1_Lasso,25,HistGB_Poisson_tuned_v2,84.69306183766228,35.39244147760824,64.6687700021442,25.010994451393156,52.572279604713806,14.595703514425095,0.9846817649055054,0.6253610854917601,Repeated_3x10
L1_Lasso_25_HistGB_SquaredError,L1_Lasso,25,HistGB_SquaredError,78.9900975768198,37.85037096305205,70.46807098463768,32.54299238316145,56.49218201859266,17.892064442652675,0.9983962023907421,0.6701436918794018,Repeated_3x10
L1_Lasso_25_ExtraTrees,L1_Lasso,25,ExtraTrees,82.12946779943805,36.549742486368594,78.11936403766306,39.281401017800654,51.74059418060608,12.1312379383874,0.9999422819642103,0.6774800619513502,Repeated_3x10
L1_Lasso_25_GradientBoosting_Huber,L1_Lasso,25,GradientBoosting_Huber,83.43299623260701,37.34222975049691,72.24367938881649,25.877238739411567,54.37481127792526,14.581008541557312,0.9877502133459433,0.6630627653588067,Repeated_3x10
L1_Lasso_25_PoissonRegressor,L1_Lasso,25,PoissonRegressor,146.54097268863404,114.43185470832107,73.11677261754645,32.13286337678444,55.55279530904899,12.117736720180968,0.8524947077233163,0.5721173954995908,Repeated_3x10
L1_Lasso_25_Bagging_HistGB,L1_Lasso,25,Bagging_HistGB,79.13139572858611,37.92470080797939,61.7028519963987,21.978775396979415,49.507706364177984,13.294661331930532,0.9134475387526666,0.6850730704874584,Repeated_3x10
L1_Lasso_25_Stack_RF+HistGB+ET,L1_Lasso,25,Stack_RF+HistGB+ET,80.50953560917031,39.17087837953416,69.53592754587208,31.561233977171344,50.66216874629103,13.421783828780603,0.9447953341216113,0.7011149174808967,Repeated_3x10
L1_Lasso_30_RandomForest_default,L1_Lasso,30,RandomForest_default,80.10507969698853,35.689134586508324,90.60235535422727,46.35026078187808,54.0519459506852,14.552640960855433,0.9448295683948437,0.6758352682502957,Repeated_3x10
L1_Lasso_30_RandomForest_tuned,L1_Lasso,30,RandomForest_tuned,77.65127993434436,35.852930059460064,83.0853842758217,31.846934818738877,53.832714377662896,12.988884692993922,0.9224502414525834,0.6975992832563122,Repeated_3x10
L1_Lasso_30_HistGB_Poisson_default,L1_Lasso,30,HistGB_Poisson_default,84.69306183766228,35.39244147760824,64.6687700021442,25.010994451393156,52.572279604713806,14.595703514425095,0.9846817649055054,0.6253610854917601,Repeated_3x10
L1_Lasso_30_HistGB_Poisson_tuned_v1,L1_Lasso,30,HistGB_Poisson_tuned_v1,78.17933868476466,38.36686485548362,49.821644901391025,16.642210276313357,48.368845242326564,14.739096507220118,0.9977125949338232,0.6701553609043993,Repeated_3x10
L1_Lasso_30_HistGB_Poisson_tuned_v2,L1_Lasso,30,HistGB_Poisson_tuned_v2,84.69306183766228,35.39244147760824,64.6687700021442,25.010994451393156,52.572279604713806,14.595703514425095,0.9846817649055054,0.6253610854917601,Repeated_3x10
L1_Lasso_30_HistGB_SquaredError,L1_Lasso,30,HistGB_SquaredError,78.82635125131368,37.91555259075378,70.29679946875103,31.291599237596014,56.95367865147432,16.503700529789096,0.9984659912801341,0.6708432121793558,Repeated_3x10
L1_Lasso_30_ExtraTrees,L1_Lasso,30,ExtraTrees,80.40329409385154,36.36167570171941,75.6213788166411,36.64229248953731,51.529678404780306,11.886905139631951,0.9999422819642103,0.6792887741109233,Repeated_3x10
L1_Lasso_30_GradientBoosting_Huber,L1_Lasso,30,GradientBoosting_Huber,83.20115063936724,38.00838996972963,73.58580125195552,27.076176572677383,55.00039151950138,14.962713648792711,0.987348375022728,0.6680306884650833,Repeated_3x10
L1_Lasso_30_PoissonRegressor,L1_Lasso,30,PoissonRegressor,139.09516907581275,100.08499795185583,71.28344583212875,29.962185702313246,54.85784908837509,12.012050436162342,0.8571854972463139,0.5841605645800717,Repeated_3x10
L1_Lasso_30_Bagging_HistGB,L1_Lasso,30,Bagging_HistGB,79.13139572858611,37.92470080797939,61.7028519963987,21.978775396979415,49.507706364177984,13.294661331930532,0.9134475387526666,0.6850730704874584,Repeated_3x10
L1_Lasso_30_Stack_RF+HistGB+ET,L1_Lasso,30,Stack_RF+HistGB+ET,80.16678029111627,38.23907876562171,68.50474648173991,32.995045768577185,50.3370944217176,13.743123611631809,0.946659822372025,0.6991508894755185,Repeated_3x10
MI_20_RandomForest_default,MI,20,RandomForest_default,85.35739467809377,39.213187990870985,112.48608582494396,69.8268181377878,59.038295591318395,15.328512891520022,0.9329163993655117,0.6446438334527199,Repeated_3x10
MI_20_RandomForest_tuned,MI,20,RandomForest_tuned,83.79204836440803,39.334173765962525,104.8786679506296,62.002447210761034,57.91746443023855,14.908739595466905,0.9080361076008724,0.6650253169294533,Repeated_3x10
MI_20_HistGB_Poisson_default,MI,20,HistGB_Poisson_default,85.52764845640097,34.243474640821944,73.37792242483079,31.569818290864593,55.99519786618012,11.473254365093968,0.9660053942859278,0.6878501379773075,Repeated_3x10
MI_20_HistGB_Poisson_tuned_v1,MI,20,HistGB_Poisson_tuned_v1,97.55170521025279,46.333924795809,69.51138226054154,28.91770183939696,56.902306537495456,12.659523503345095,0.9928444974068442,0.6277869301564966,Repeated_3x10
MI_20_HistGB_Poisson_tuned_v2,MI,20,HistGB_Poisson_tuned_v2,85.52764845640097,34.243474640821944,73.37792242483079,31.569818290864593,55.99519786618012,11.473254365093968,0.9660053942859278,0.6878501379773075,Repeated_3x10
MI_20_HistGB_SquaredError,MI,20,HistGB_SquaredError,105.94433837752473,43.5469399774592,107.80593742106012,81.62897717050383,64.76818423767136,17.086463335562545,0.986869569977356,0.5214903733481249,Repeated_3x10
MI_20_ExtraTrees,MI,20,ExtraTrees,89.36188181303923,38.727643322485065,105.54885664147244,55.164214651481615,61.53338462247582,11.14609298451228,0.9954962420854303,0.6256414153929283,Repeated_3x10
MI_20_GradientBoosting_Huber,MI,20,GradientBoosting_Huber,84.92039625553213,39.67056462871724,93.10633839059216,59.373662080104175,57.793875928979425,13.885972066724696,0.9794574910262939,0.6590392943214163,Repeated_3x10
MI_20_PoissonRegressor,MI,20,PoissonRegressor,145.96097566460364,119.30540931706578,149.98865112953948,163.66140445113575,63.30058296689718,14.077378915368561,0.7244036913580926,0.42214962937402795,Repeated_3x10
MI_20_Bagging_HistGB,MI,20,Bagging_HistGB,89.18538121170951,34.1748032225453,79.26673434890512,38.14634655747422,56.38478277030478,12.100710066882538,0.8802420688471669,0.6673742220139592,Repeated_3x10
MI_20_Stack_RF+HistGB+ET,MI,20,Stack_RF+HistGB+ET,85.33682869891021,40.06872904806318,101.6638945754182,57.3931407679556,58.02544144673507,13.071491658485979,0.9533722185827167,0.6708881017547944,Repeated_3x10
RF_20_RandomForest_default,RF,20,RandomForest_default,81.04982183370599,36.10448329696945,92.34490847686645,48.40750875240302,57.01255395539294,14.458124348095122,0.9398009107369298,0.6646728718659051,Repeated_3x10
RF_20_RandomForest_tuned,RF,20,RandomForest_tuned,79.69227454530093,37.30100722482206,95.37326413892815,49.888913084196055,56.589944134373326,14.22668347822557,0.9129351863206571,0.6985255525257484,Repeated_3x10
RF_20_HistGB_Poisson_default,RF,20,HistGB_Poisson_default,78.88507333935657,37.478425705687485,70.34034453821276,29.18124073802033,54.182204411014325,13.413403346131163,0.977734681974389,0.6593067783210791,Repeated_3x10
RF_20_HistGB_Poisson_tuned_v1,RF,20,HistGB_Poisson_tuned_v1,80.49804700168816,45.483632431488175,64.33114229064239,26.816082513734397,54.08624601577382,13.543090163620544,0.9921544841146168,0.6531725926793831,Repeated_3x10
RF_20_HistGB_Poisson_tuned_v2,RF,20,HistGB_Poisson_tuned_v2,78.88507333935657,37.478425705687485,70.34034453821276,29.18124073802033,54.182204411014325,13.413403346131163,0.977734681974389,0.6593067783210791,Repeated_3x10
RF_20_HistGB_SquaredError,RF,20,HistGB_SquaredError,85.83364748214898,34.6591217832203,94.36127825067034,51.085708188182714,61.7103402462597,13.990733921887712,0.9925839409912133,0.5981809533003577,Repeated_3x10
RF_20_ExtraTrees,RF,20,ExtraTrees,84.80591916565912,37.267248342598435,92.83473097496334,52.19635315937168,58.24549125825037,12.152930717957624,0.9954962416815242,0.6515562856739107,Repeated_3x10
RF_20_GradientBoosting_Huber,RF,20,GradientBoosting_Huber,84.4504952374581,37.81744788624444,86.74303603000622,50.94787260734337,58.150291999392486,12.950603666404945,0.977477930457865,0.6404406899184,Repeated_3x10
RF_20_PoissonRegressor,RF,20,PoissonRegressor,172.67379536055685,162.82940402561636,111.44147217292054,59.23273130955768,61.77080653593327,13.127474288346846,0.7720097074405587,0.4819907087692148,Repeated_3x10
RF_20_Bagging_HistGB,RF,20,Bagging_HistGB,82.3767715448327,35.857684023996775,74.26996302966238,28.01299295856213,54.97320124326894,12.367745638703598,0.8816686208506712,0.6399222979225178,Repeated_3x10
RF_20_Stack_RF+HistGB+ET,RF,20,Stack_RF+HistGB+ET,85.01375146149505,39.99324883793315,91.1049846493379,46.01633505035301,57.49523704509974,13.326313325315061,0.9649673593152797,0.6618663906157659,Repeated_3x10
