id,feature_selection,n_features,model,RMSE_mean,RMSE_std,MAPE_mean,MAPE_std,SMAPE_mean,SMAPE_std,R2_train_mean,Corr_R2_val_mean,rank_RMSE,rank_MAPE,rank_SMAPE,avg_rank
L1_Lasso_25_HistGB_Poisson_tuned_v1,L1_Lasso,25,HistGB_Poisson_tuned_v1,78.43030342253526,38.4457258908565,50.36723017360384,17.428599589514935,48.6174417174865,14.793980100585083,0.9977045630682717,0.6685018557342396,9.0,1.0,2.0,4.0
L1_Lasso_20_HistGB_Poisson_tuned_v1,L1_Lasso,20,HistGB_Poisson_tuned_v1,78.71848901577151,37.53293441945393,51.794557432675155,15.037268270173834,49.934053139923286,14.243411253530926,0.997216910492,0.6753418518591328,10.0,2.0,5.0,5.666666666666667
L1_Lasso_15_HistGB_Poisson_tuned_v1,L1_Lasso,15,HistGB_Poisson_tuned_v1,77.5741081766494,38.30756079035685,55.6597943864796,19.24301637350101,50.24274151248359,13.91861182795809,0.997449924242893,0.6896268750706978,6.0,3.0,9.0,6.0
L1_Lasso_20_Stack_RF+HistGB+ET,L1_Lasso,20,Stack_RF+HistGB+ET,76.92141259908144,34.53577884409944,64.94414709097197,22.010470073610616,50.02386028459728,12.009132245118792,0.9231027336885413,0.7207134337714345,2.0,12.0,6.0,6.666666666666667
L1_Lasso_25_Bagging_HistGB,L1_Lasso,25,Bagging_HistGB,79.13139572858611,37.92470080797939,61.7028519963987,21.978775396979415,49.507706364177984,13.294661331930532,0.9134475387526666,0.6850730704874584,14.0,5.0,3.0,7.333333333333333
L1_Lasso_20_Bagging_HistGB,L1_Lasso,20,Bagging_HistGB,81.11492768539206,38.29175033334755,62.43694085777487,21.181095529735593,50.12398776799865,12.722099452999817,0.9031346338018822,0.6595557205619861,25.0,6.0,7.0,12.666666666666666
L1_Lasso_15_Stack_RF+HistGB+ET,L1_Lasso,15,Stack_RF+HistGB+ET,78.30002969269474,32.864211921876986,70.45323540924241,29.119105413004817,50.779283412516826,12.031391505209955,0.9319513359503961,0.7145247165333365,7.0,20.0,12.0,13.0
L1_Lasso_25_Stack_RF+HistGB+ET,L1_Lasso,25,Stack_RF+HistGB+ET,80.50953560917031,39.17087837953416,69.53592754587208,31.561233977171344,50.66216874629103,13.421783828780603,0.9447953341216113,0.7011149174808967,20.0,17.0,10.0,15.666666666666666
L1_Lasso_20_HistGB_Poisson_default,L1_Lasso,20,HistGB_Poisson_default,83.10662968655723,36.60172605209391,63.32690617162622,21.87334205018602,52.144355107057066,14.715437549751096,0.9800241939662798,0.6294540482612716,29.0,7.0,15.0,17.0
L1_Lasso_15_ExtraTrees,L1_Lasso,15,ExtraTrees,80.67386401024747,33.46788659485981,71.83487740491623,33.63093208548638,49.549133133203,12.406302446352957,0.9999422778172689,0.7000371770618089,22.0,25.0,4.0,17.0
L1_Lasso_20_HistGB_Poisson_tuned_v2,L1_Lasso,20,HistGB_Poisson_tuned_v2,83.10662968655723,36.60172605209391,63.32690617162622,21.87334205018602,52.144355107057066,14.715437549751096,0.9800241939662798,0.6294540482612716,29.0,7.0,15.0,17.0
RF_20_HistGB_Poisson_tuned_v1,RF,20,HistGB_Poisson_tuned_v1,80.49804700168816,45.483632431488175,64.33114229064239,26.816082513734397,54.08624601577382,13.543090163620544,0.9921544841146168,0.6531725926793831,19.0,9.0,24.0,17.333333333333332
L1_Lasso_20_HistGB_SquaredError,L1_Lasso,20,HistGB_SquaredError,77.3432688180214,36.68164675388379,67.09016851894042,29.088257709494243,55.41007855010467,15.770929382588628,0.9978850545830528,0.6720720801309471,5.0,15.0,33.0,17.666666666666668
RF_20_HistGB_Poisson_default,RF,20,HistGB_Poisson_default,78.88507333935657,37.478425705687485,70.34034453821276,29.18124073802033,54.182204411014325,13.413403346131163,0.977734681974389,0.6593067783210791,11.0,18.0,25.0,18.0
RF_20_HistGB_Poisson_tuned_v2,RF,20,HistGB_Poisson_tuned_v2,78.88507333935657,37.478425705687485,70.34034453821276,29.18124073802033,54.182204411014325,13.413403346131163,0.977734681974389,0.6593067783210791,11.0,18.0,25.0,18.0
L1_Lasso_15_PoissonRegressor,L1_Lasso,15,PoissonRegressor,94.80475375728925,57.282701877813736,59.425068868032774,24.16277476397951,48.056439281371674,11.926531474841005,0.8294827192189268,0.6830038659793706,49.0,4.0,1.0,18.0
L1_Lasso_20_RandomForest_tuned,L1_Lasso,20,RandomForest_tuned,76.56154067972733,35.541251175026154,84.33733447656807,32.777862208056696,53.33791772092088,13.66895827484644,0.9201342479882612,0.7084902618541205,1.0,36.0,20.0,19.0
L1_Lasso_15_Bagging_HistGB,L1_Lasso,15,Bagging_HistGB,84.44978029284425,36.964779003822734,65.887961521725,23.43093156850162,50.67244466425522,11.44878827108775,0.8975041486230587,0.636169123379533,33.0,14.0,11.0,19.333333333333332
L1_Lasso_25_HistGB_Poisson_tuned_v2,L1_Lasso,25,HistGB_Poisson_tuned_v2,84.69306183766228,35.39244147760824,64.6687700021442,25.010994451393156,52.572279604713806,14.595703514425095,0.9846817649055054,0.6253610854917601,35.0,10.0,17.0,20.666666666666668
L1_Lasso_15_RandomForest_tuned,L1_Lasso,15,RandomForest_tuned,77.30456368162866,36.1822408778581,85.83333158330962,33.837715232958075,53.61358504131514,13.574679967984716,0.9132234160872088,0.7022544000846508,4.0,37.0,21.0,20.666666666666668
L1_Lasso_25_HistGB_Poisson_default,L1_Lasso,25,HistGB_Poisson_default,84.69306183766228,35.39244147760824,64.6687700021442,25.010994451393156,52.572279604713806,14.595703514425095,0.9846817649055054,0.6253610854917601,35.0,10.0,17.0,20.666666666666668
L1_Lasso_20_ExtraTrees,L1_Lasso,20,ExtraTrees,81.62092756315343,35.95242032327401,75.28947273986378,40.904626596667754,50.141856791287964,12.938091984433209,0.9999422819642103,0.6831357622737763,26.0,31.0,8.0,21.666666666666668
L1_Lasso_20_GradientBoosting_Huber,L1_Lasso,20,GradientBoosting_Huber,79.21158920489498,37.8150673359722,71.43312015409626,27.360011025245353,55.227150565333694,16.583957346324073,0.9912429070705246,0.6808376911320378,15.0,22.0,32.0,23.0
L1_Lasso_25_HistGB_SquaredError,L1_Lasso,25,HistGB_SquaredError,78.9900975768198,37.85037096305205,70.46807098463768,32.54299238316145,56.49218201859266,17.892064442652675,0.9983962023907421,0.6701436918794018,13.0,21.0,39.0,24.333333333333332
L1_Lasso_25_ExtraTrees,L1_Lasso,25,ExtraTrees,82.12946779943805,36.549742486368594,78.11936403766306,39.281401017800654,51.74059418060608,12.1312379383874,0.9999422819642103,0.6774800619513502,27.0,34.0,14.0,25.0
L1_Lasso_25_RandomForest_tuned,L1_Lasso,25,RandomForest_tuned,78.42042650673456,36.85554735411866,87.65622552144777,34.888141717271644,54.42426161452163,13.685235343975023,0.9189259306898653,0.695873242444112,8.0,39.0,28.0,25.0
L1_Lasso_20_RandomForest_default,L1_Lasso,20,RandomForest_default,79.3318748748721,35.73310996664537,89.28572582577841,44.505956992526755,53.29908935475947,14.004647118970937,0.9454221562727896,0.6883712867401423,16.0,41.0,19.0,25.333333333333332
L1_Lasso_20_PoissonRegressor,L1_Lasso,20,PoissonRegressor,117.32731871954145,72.23008740424605,65.72076176259951,25.369852309324816,51.41036238958083,13.120778216425455,0.8380379324208121,0.6238759754967014,52.0,13.0,13.0,26.0
L1_Lasso_25_RandomForest_default,L1_Lasso,25,RandomForest_default,80.41481916713862,36.7744579571288,91.62065162164237,47.35803433554681,53.84967072657546,14.569085113177348,0.944469871129869,0.6721463785749165,18.0,43.0,23.0,28.0
L1_Lasso_25_GradientBoosting_Huber,L1_Lasso,25,GradientBoosting_Huber,83.43299623260701,37.34222975049691,72.24367938881649,25.877238739411567,54.37481127792526,14.581008541557312,0.9877502133459433,0.6630627653588067,31.0,26.0,27.0,28.0
L1_Lasso_15_RandomForest_default,L1_Lasso,15,RandomForest_default,80.75062765623254,36.77967136744356,89.0661607803476,42.959476556076375,53.772620917143335,13.551025105234883,0.9434459332942502,0.6811200932346445,23.0,40.0,22.0,28.333333333333332
L1_Lasso_15_HistGB_SquaredError,L1_Lasso,15,HistGB_SquaredError,77.13444517876839,34.78536002597081,76.02809045674464,36.00002929139027,59.22581050248176,16.20843372589711,0.9967722329769159,0.6954430001040921,3.0,32.0,50.0,28.333333333333332
RF_20_Bagging_HistGB,RF,20,Bagging_HistGB,82.3767715448327,35.857684023996775,74.26996302966238,28.01299295856213,54.97320124326894,12.367745638703598,0.8816686208506712,0.6399222979225178,28.0,30.0,31.0,29.666666666666668
L1_Lasso_15_GradientBoosting_Huber,L1_Lasso,15,GradientBoosting_Huber,80.5373591101211,36.99037215611484,76.35253858389248,30.000783996934125,56.180000107048535,15.008274467080328,0.9918756593394595,0.673790066022088,21.0,33.0,37.0,30.333333333333332
L1_Lasso_15_HistGB_Poisson_default,L1_Lasso,15,HistGB_Poisson_default,89.0592634606926,35.16674384929681,71.53434537474,26.766271694167827,54.71772221605196,13.361610462707423,0.9764041856698003,0.6005739832926326,45.0,23.0,29.0,32.333333333333336
L1_Lasso_15_HistGB_Poisson_tuned_v2,L1_Lasso,15,HistGB_Poisson_tuned_v2,89.0592634606926,35.16674384929681,71.53434537474,26.766271694167827,54.71772221605196,13.361610462707423,0.9764041856698003,0.6005739832926326,45.0,23.0,29.0,32.333333333333336
MI_20_HistGB_Poisson_default,MI,20,HistGB_Poisson_default,85.52764845640097,34.243474640821944,73.37792242483079,31.569818290864593,55.99519786618012,11.473254365093968,0.9660053942859278,0.6878501379773075,42.0,28.0,35.0,35.0
MI_20_HistGB_Poisson_tuned_v2,MI,20,HistGB_Poisson_tuned_v2,85.52764845640097,34.243474640821944,73.37792242483079,31.569818290864593,55.99519786618012,11.473254365093968,0.9660053942859278,0.6878501379773075,42.0,28.0,35.0,35.0
RF_20_RandomForest_tuned,RF,20,RandomForest_tuned,79.69227454530093,37.30100722482206,95.37326413892815,49.888913084196055,56.589944134373326,14.22668347822557,0.9129351863206571,0.6985255525257484,17.0,48.0,40.0,35.0
MI_20_HistGB_Poisson_tuned_v1,MI,20,HistGB_Poisson_tuned_v1,97.55170521025279,46.333924795809,69.51138226054154,28.91770183939696,56.902306537495456,12.659523503345095,0.9928444974068442,0.6277869301564966,50.0,16.0,41.0,35.666666666666664
RF_20_RandomForest_default,RF,20,RandomForest_default,81.04982183370599,36.10448329696945,92.34490847686645,48.40750875240302,57.01255395539294,14.458124348095122,0.9398009107369298,0.6646728718659051,24.0,44.0,42.0,36.666666666666664
L1_Lasso_25_PoissonRegressor,L1_Lasso,25,PoissonRegressor,146.54097268863404,114.43185470832107,73.11677261754645,32.13286337678444,55.55279530904899,12.117736720180968,0.8524947077233163,0.5721173954995908,54.0,27.0,34.0,38.333333333333336
RF_20_GradientBoosting_Huber,RF,20,GradientBoosting_Huber,84.4504952374581,37.81744788624444,86.74303603000622,50.94787260734337,58.150291999392486,12.950603666404945,0.977477930457865,0.6404406899184,34.0,38.0,47.0,39.666666666666664
MI_20_Bagging_HistGB,MI,20,Bagging_HistGB,89.18538121170951,34.1748032225453,79.26673434890512,38.14634655747422,56.38478277030478,12.100710066882538,0.8802420688471669,0.6673742220139592,47.0,35.0,38.0,40.0
RF_20_Stack_RF+HistGB+ET,RF,20,Stack_RF+HistGB+ET,85.01375146149505,39.99324883793315,91.1049846493379,46.01633505035301,57.49523704509974,13.326313325315061,0.9649673593152797,0.6618663906157659,39.0,42.0,43.0,41.333333333333336
MI_20_RandomForest_tuned,MI,20,RandomForest_tuned,83.79204836440803,39.334173765962525,104.8786679506296,62.002447210761034,57.917464430238574,14.908739595466903,0.9080361076008724,0.6650253169294532,32.0,50.0,45.0,42.333333333333336
MI_20_GradientBoosting_Huber,MI,20,GradientBoosting_Huber,84.92039625553213,39.67056462871724,93.10633839059216,59.373662080104175,57.793875928979425,13.885972066724696,0.9794574910262939,0.6590392943214163,38.0,46.0,44.0,42.666666666666664
RF_20_ExtraTrees,RF,20,ExtraTrees,84.80591916565912,37.267248342598435,92.83473097496334,52.19635315937168,58.24549125825037,12.152930717957624,0.9954962416815242,0.6515562856739107,37.0,45.0,48.0,43.333333333333336
MI_20_Stack_RF+HistGB+ET,MI,20,Stack_RF+HistGB+ET,85.33682869891021,40.06872904806318,101.6638945754182,57.3931407679556,58.02544144673507,13.071491658485979,0.9533722185827167,0.6708881017547944,40.0,49.0,46.0,45.0
RF_20_HistGB_SquaredError,RF,20,HistGB_SquaredError,85.83364748214898,34.6591217832203,94.36127825067034,51.085708188182714,61.7103402462597,13.990733921887712,0.9925839409912133,0.5981809533003577,44.0,47.0,52.0,47.666666666666664
MI_20_RandomForest_default,MI,20,RandomForest_default,85.35739467809377,39.213187990870985,112.48608582494396,69.8268181377878,59.038295591318395,15.328512891520022,0.9329163993655117,0.6446438334527199,41.0,54.0,49.0,48.0
MI_20_ExtraTrees,MI,20,ExtraTrees,89.36188181303923,38.727643322485065,105.54885664147244,55.164214651481615,61.53338462247582,11.14609298451228,0.9954962420854303,0.6256414153929283,48.0,51.0,51.0,50.0
MI_20_HistGB_SquaredError,MI,20,HistGB_SquaredError,105.94433837752473,43.5469399774592,107.80593742106012,81.62897717050383,64.76818423767136,17.086463335562545,0.986869569977356,0.5214903733481249,51.0,52.0,55.0,52.666666666666664
RF_20_PoissonRegressor,RF,20,PoissonRegressor,172.67379536055685,162.82940402561636,111.44147217292054,59.23273130955768,61.77080653593327,13.127474288346846,0.7720097074405587,0.4819907087692148,55.0,53.0,53.0,53.666666666666664
MI_20_PoissonRegressor,MI,20,PoissonRegressor,145.96097566460364,119.30540931706578,149.98865112953948,163.66140445113575,63.30058296689718,14.077378915368561,0.7244036913580926,0.42214962937402795,53.0,55.0,54.0,54.0
